id 	user_id 	price 	refunded_at 	created_at
0 	255 	1.5 		2015-10-04 14:39:46
1 	448 	0.5 		2015-09-11 17:33:06
2 	237 	4.5 		2015-08-17 23:13:32
3 	468 	3.5 		2015-08-08 16:25:59
4 	50 	4.5 		2015-08-18 02:36:17
5 	86 	1.5 	2015-11-19 10:02:31 	2015-11-19 05:16:54
6 	384 	4.5 		2015-08-21 14:35:02
7 	490 	1.5 		2015-10-08 01:09:32
8 	454 	1.5 		2015-10-24 12:26:39
9 	280 	1.5 		2015-08-24 15:19:00
10 	109 	3.5 		2015-09-14 12:34:58
11 	196 	1.5 	2015-11-20 16:10:43 	2015-11-20 16:10:28
12 	282 	1.5 		2015-10-17 23:39:39
13 	487 	4.5 		2015-11-03 13:30:47
14 	166 	0.5 		2015-09-21 03:33:22
15 	239 	1.5 		2015-11-13 07:49:17
16 	190 	0.5 		2015-10-26 04:25:58
17 	369 	3.5 		2015-10-20 11:23:49
18 	262 	4.5 		2015-09-12 09:25:49
19 	77 	0.5 		2015-10-28 03:35:36
20 	359 	4.5 		2015-09-13 17:48:34
21 	96 	2.5 		2015-08-26 02:13:56
22 	391 	1.5 		2015-11-03 07:28:06
23 	140 	1.5 	2015-09-27 06:52:31 	2015-09-27 02:28:35
24 	152 	2.5 		2015-08-05 00:28:47
25 	220 	2.5 		2015-08-19 15:58:34
26 	489 	2.5 	2015-10-24 11:17:29 	2015-10-24 09:06:27
27 	487 	0.5 		2015-10-14 06:08:07
28 	401 	2.5 		2015-10-30 01:16:23
29 	497 	2.5 		2015-11-02 13:09:59
30 	96 	0.5 		2015-08-06 06:03:40
31 	467 	1.5 	2015-10-31 20:37:03 	2015-10-31 19:42:00
32 	212 	4.5 		2015-10-30 03:34:04
33 	24 	3.5 		2015-09-11 11:00:32
34 	309 	4.5 		2015-10-29 15:43:16
35 	77 	3.5 		2015-08-25 13:39:49
36 	462 	0.5 		2015-10-26 09:20:44
37 	372 	2.5 		2015-08-28 09:13:23
38 	35 	1.5 		2015-10-26 06:01:01
39 	253 	4.5 	2015-10-02 03:26:49 	2015-10-02 02:00:41
40 	136 	3.5 		2015-09-23 00:49:05
41 	50 	1.5 		2015-08-19 03:58:53
42 	490 	4.5 		2015-08-21 10:05:17
43 	499 	3.5 		2015-09-04 15:04:17
44 	86 	3.5 		2015-09-16 03:46:42
45 	228 	0.5 		2015-09-10 23:25:21
46 	229 	1.5 		2015-10-16 07:13:14
47 	202 	2.5 		2015-08-12 14:23:02
48 	145 	3.5 		2015-09-08 07:20:37
49 	205 	1.5 		2015-08-30 13:24:07
50 	178 	4.5 		2015-08-17 23:28:55
51 	275 	1.5 		2015-08-19 00:48:39
52 	138 	3.5 		2015-08-10 13:35:41
53 	380 	3.5 		2015-09-11 00:12:14
54 	430 	4.5 		2015-10-07 15:59:33
55 	238 	4.5 		2015-08-22 03:11:12
56 	376 	3.5 		2015-11-07 22:54:58
57 	125 	3.5 		2015-08-04 06:28:19
58 	91 	0.5 		2015-08-31 09:58:41
59 	410 	0.5 		2015-11-08 23:16:40
60 	1 	2.5 		2015-11-26 05:47:00
61 	64 	2.5 		2015-11-16 13:48:14
62 	140 	3.5 		2015-10-14 22:49:13
63 	269 	4.5 		2015-10-30 21:07:58
64 	169 	1.5 		2015-11-23 17:47:45
65 	338 	2.5 		2015-10-12 16:37:04
66 	106 	4.5 		2015-11-15 12:29:40
67 	213 	4.5 		2015-11-11 10:41:40
68 	283 	0.5 		2015-09-13 23:37:20
69 	425 	1.5 		2015-11-26 04:03:39
70 	18 	1.5 		2015-11-26 18:22:49
71 	360 	1.5 		2015-11-11 01:52:55
72 	405 	2.5 		2015-09-06 13:38:00
73 	489 	0.5 		2015-10-31 00:30:22
74 	142 	4.5 	2015-11-04 20:53:13 	2015-11-04 20:10:27
75 	110 	3.5 	2015-10-04 16:52:57 	2015-10-04 13:29:42
76 	150 	1.5 	2015-08-24 05:08:01 	2015-08-24 03:27:51
77 	283 	4.5 		2015-09-20 06:08:23
78 	302 	0.5 		2015-09-24 01:09:12
79 	445 	3.5 		2015-08-30 05:10:14
80 	168 	0.5 		2015-09-16 19:23:33
81 	231 	4.5 	2015-10-13 11:00:07 	2015-10-13 10:47:55
82 	28 	1.5 		2015-08-18 14:58:43
83 	343 	2.5 		2015-08-08 08:16:51
84 	200 	0.5 		2015-09-11 11:23:20
85 	153 	0.5 		2015-10-04 03:46:48
86 	324 	3.5 		2015-10-20 11:31:37
87 	352 	0.5 		2015-11-07 17:26:59
88 	396 	2.5 		2015-11-11 13:08:48
89 	444 	3.5 	2015-11-27 05:36:50 	2015-11-27 03:17:54
90 	99 	4.5 		2015-10-27 16:54:09
91 	21 	3.5 		2015-11-20 16:53:25
92 	39 	4.5 		2015-10-31 01:39:28
93 	38 	2.5 		2015-10-29 15:44:26
94 	261 	2.5 		2015-10-23 15:04:13
95 	296 	1.5 		2015-09-28 16:43:35
96 	174 	1.5 		2015-11-05 00:04:12
97 	447 	3.5 		2015-08-10 22:56:26
98 	334 	4.5 		2015-09-29 06:53:17
99 	420 	0.5 		2015-11-03 19:31:09
100 	346 	3.5 		2015-09-06 23:57:52
101 	71 	3.5 		2015-09-25 15:25:21
102 	184 	3.5 		2015-11-03 02:10:30
103 	30 	3.5 	2015-10-20 03:46:12 	2015-10-20 00:18:25
104 	116 	2.5 		2015-09-26 09:51:58
105 	52 	2.5 		2015-11-05 03:51:28
106 	377 	3.5 		2015-11-23 08:27:24
107 	176 	4.5 		2015-09-26 07:21:14
108 	229 	1.5 		2015-10-05 12:07:30
109 	371 	2.5 		2015-08-25 09:54:03
110 	466 	0.5 		2015-10-03 17:12:39
111 	384 	0.5 		2015-08-15 09:10:36
112 	14 	4.5 		2015-09-14 11:21:32
113 	350 	4.5 		2015-11-11 08:40:35
114 	377 	4.5 		2015-11-11 23:29:30
115 	263 	1.5 		2015-09-21 20:30:17
116 	132 	2.5 		2015-09-21 22:29:55
117 	220 	1.5 		2015-10-21 22:28:00
118 	116 	3.5 		2015-10-07 19:06:28
119 	257 	1.5 		2015-11-09 08:42:31
120 	323 	0.5 		2015-09-11 12:57:30
121 	261 	0.5 		2015-08-07 10:43:31
122 	280 	0.5 		2015-08-20 18:00:15
123 	291 	4.5 		2015-09-07 12:14:53
124 	249 	0.5 	2015-09-20 01:35:24 	2015-09-19 22:12:47
125 	360 	1.5 	2015-11-08 09:05:20 	2015-11-08 06:20:39
126 	307 	3.5 		2015-11-22 03:57:27
127 	239 	3.5 		2015-09-17 09:40:32
128 	418 	1.5 		2015-09-07 04:38:59
129 	339 	1.5 		2015-11-17 21:43:08
130 	376 	2.5 		2015-11-21 14:39:05
131 	265 	4.5 		2015-09-12 01:25:57
132 	149 	1.5 		2015-10-08 22:09:12
133 	33 	1.5 		2015-09-12 11:03:19
134 	23 	2.5 		2015-08-26 00:03:34
135 	38 	0.5 		2015-10-16 02:20:38
136 	468 	0.5 		2015-08-06 21:37:05
137 	462 	4.5 		2015-08-10 17:27:41
138 	305 	2.5 		2015-08-27 11:44:45
139 	68 	0.5 		2015-08-19 04:39:11
140 	33 	3.5 		2015-11-27 02:59:58
141 	485 	2.5 		2015-10-20 20:50:01
142 	233 	3.5 		2015-08-05 10:55:26
143 	107 	0.5 		2015-11-09 06:32:36
144 	316 	1.5 		2015-09-01 20:03:26
145 	449 	0.5 		2015-11-05 01:10:21
146 	42 	1.5 	2015-11-27 21:45:32 	2015-11-27 18:41:45
147 	461 	0.5 		2015-09-19 12:05:37
148 	127 	0.5 		2015-11-26 10:56:10
149 	238 	1.5 		2015-11-25 04:35:05
150 	7 	0.5 		2015-10-23 05:17:49
151 	299 	1.5 	2015-08-12 06:20:13 	2015-08-12 02:26:51
152 	30 	2.5 		2015-09-26 19:22:00
153 	253 	2.5 		2015-09-27 20:24:12
154 	388 	3.5 		2015-09-21 18:54:41
155 	466 	1.5 	2015-08-06 09:36:53 	2015-08-06 05:27:20
156 	411 	2.5 		2015-08-25 17:30:28
157 	445 	2.5 		2015-11-22 00:03:59
158 	210 	2.5 		2015-11-09 02:32:37
159 	117 	1.5 		2015-11-09 12:22:07
160 	479 	4.5 		2015-10-12 19:52:48
161 	445 	0.5 		2015-10-15 01:41:59
162 	278 	2.5 		2015-10-04 06:33:16
163 	307 	0.5 		2015-09-26 22:55:03
164 	295 	3.5 		2015-11-05 04:37:01
165 	353 	3.5 		2015-08-22 11:05:22
166 	26 	3.5 		2015-10-12 12:38:51
167 	182 	1.5 		2015-10-16 21:41:18
168 	136 	4.5 		2015-10-21 18:01:52
169 	463 	4.5 		2015-08-23 23:14:25
170 	235 	2.5 		2015-08-31 23:08:18
171 	320 	1.5 		2015-10-10 11:29:01
172 	450 	1.5 		2015-09-22 13:01:55
173 	261 	2.5 		2015-08-22 09:55:13
174 	430 	1.5 		2015-09-14 13:56:47
175 	43 	2.5 		2015-08-11 19:42:35
176 	348 	4.5 		2015-09-17 09:41:58
177 	333 	1.5 		2015-10-01 09:57:15
178 	178 	0.5 	2015-08-06 01:41:18 	2015-08-05 21:45:22
179 	104 	0.5 		2015-09-14 08:29:58
180 	406 	2.5 		2015-09-01 09:24:45
181 	103 	3.5 		2015-10-09 21:03:46
182 	74 	3.5 		2015-08-16 00:42:51
183 	134 	1.5 		2015-10-29 12:38:52
184 	437 	2.5 		2015-11-27 07:59:02
185 	20 	3.5 		2015-11-14 06:22:00
186 	450 	4.5 		2015-08-27 14:31:36
187 	42 	3.5 		2015-10-13 03:42:42
188 	428 	2.5 		2015-10-18 10:26:26
189 	392 	0.5 		2015-11-27 08:07:03
190 	244 	3.5 		2015-08-22 07:44:16
191 	452 	1.5 		2015-08-24 10:35:17
192 	123 	0.5 		2015-11-13 18:32:56
193 	411 	1.5 		2015-09-16 12:01:40
194 	316 	1.5 		2015-10-06 05:08:16
195 	334 	4.5 		2015-09-08 08:15:35
196 	92 	0.5 		2015-08-28 13:08:54
197 	459 	4.5 		2015-08-24 23:41:23
198 	83 	0.5 		2015-08-26 16:52:33
199 	410 	4.5 		2015-08-10 08:58:22
200 	479 	1.5 		2015-08-28 14:11:11
201 	170 	1.5 		2015-08-25 13:03:58
202 	454 	4.5 	2015-08-31 05:27:59 	2015-08-31 01:30:19
203 	357 	0.5 		2015-11-05 09:25:23
204 	230 	3.5 		2015-09-13 21:52:11
205 	166 	4.5 		2015-10-14 13:16:28
206 	275 	4.5 		2015-08-19 07:46:32
207 	362 	0.5 		2015-11-03 00:13:00
208 	68 	2.5 		2015-08-15 09:25:17
209 	89 	2.5 		2015-08-18 04:16:30
210 	249 	4.5 		2015-09-05 22:43:28
211 	2 	3.5 		2015-10-24 18:56:02
212 	485 	2.5 		2015-09-07 03:53:23
213 	78 	1.5 		2015-10-10 00:54:15
214 	199 	0.5 		2015-10-31 21:51:09
215 	348 	3.5 		2015-10-09 06:30:03
216 	33 	3.5 		2015-10-22 07:24:27
217 	27 	3.5 		2015-08-25 12:19:44
218 	350 	1.5 		2015-10-08 16:12:37
219 	121 	2.5 		2015-08-31 08:28:30
220 	147 	3.5 	2015-09-29 12:57:34 	2015-09-29 10:08:08
221 	402 	3.5 		2015-11-19 19:29:06
222 	278 	0.5 		2015-10-12 09:36:35
223 	82 	0.5 		2015-09-03 12:16:38
224 	290 	3.5 		2015-08-04 03:47:44
225 	496 	0.5 		2015-08-07 18:36:10
226 	237 	0.5 		2015-09-08 15:21:03
227 	215 	2.5 		2015-08-08 11:56:42
228 	308 	0.5 		2015-11-14 02:07:11
229 	174 	4.5 		2015-10-03 07:02:38
230 	226 	3.5 		2015-11-03 23:23:07
231 	252 	1.5 		2015-10-13 13:23:15
232 	443 	1.5 		2015-08-08 21:32:00
233 	476 	3.5 		2015-09-13 22:56:52
234 	490 	3.5 		2015-10-04 07:47:21
235 	426 	4.5 		2015-08-05 16:02:34
236 	280 	2.5 		2015-10-30 17:39:48
237 	464 	2.5 		2015-09-21 01:58:07
238 	120 	4.5 		2015-11-09 01:16:26
239 	452 	2.5 		2015-08-17 19:04:47
240 	87 	1.5 		2015-09-29 16:55:31
241 	17 	0.5 		2015-09-09 11:56:32
242 	2 	0.5 		2015-10-24 13:02:42
243 	436 	3.5 		2015-09-09 02:00:42
244 	430 	4.5 		2015-08-15 21:09:18
245 	56 	1.5 		2015-10-29 08:03:31
246 	239 	2.5 		2015-11-23 12:15:05
247 	148 	1.5 		2015-11-08 19:37:47
248 	481 	4.5 		2015-10-28 17:28:31
249 	109 	3.5 		2015-11-02 05:47:57
250 	355 	3.5 		2015-10-23 08:43:55
251 	90 	4.5 		2015-09-03 22:37:48
252 	88 	4.5 		2015-09-05 06:17:10
253 	211 	1.5 		2015-09-25 00:49:15
254 	474 	3.5 		2015-09-23 02:28:48
255 	68 	4.5 		2015-08-10 15:26:17
256 	228 	4.5 		2015-08-12 01:29:29
257 	139 	4.5 		2015-09-27 17:22:50
258 	349 	4.5 	2015-11-02 01:29:42 	2015-11-02 00:53:42
259 	266 	1.5 		2015-09-01 23:50:13
260 	135 	4.5 		2015-10-07 03:50:57
261 	51 	3.5 		2015-10-13 10:40:42
262 	19 	4.5 	2015-11-20 03:35:59 	2015-11-19 23:40:18
263 	319 	4.5 	2015-09-29 04:58:00 	2015-09-29 04:43:12
264 	22 	0.5 		2015-10-19 04:59:08
265 	217 	3.5 		2015-11-12 11:51:14
266 	369 	0.5 		2015-08-21 16:47:31
267 	163 	1.5 		2015-11-21 07:53:46
268 	119 	3.5 		2015-10-31 14:40:59
269 	479 	0.5 		2015-10-31 20:23:43
270 	356 	4.5 		2015-08-17 03:49:17
271 	78 	0.5 		2015-10-28 06:44:51
272 	283 	0.5 		2015-08-06 17:18:23
273 	462 	2.5 		2015-10-27 19:31:27
274 	217 	4.5 		2015-08-12 09:31:38
275 	488 	3.5 		2015-08-17 03:29:28
276 	358 	0.5 		2015-09-09 02:11:52
277 	68 	4.5 	2015-08-10 20:08:43 	2015-08-10 15:14:47
278 	80 	2.5 		2015-11-01 19:11:05
279 	39 	2.5 		2015-11-15 03:07:38
280 	143 	2.5 		2015-09-13 15:42:50
281 	230 	2.5 		2015-10-16 06:03:54
282 	293 	4.5 		2015-08-29 06:51:55
283 	407 	2.5 		2015-09-30 22:28:05
284 	30 	0.5 		2015-10-03 01:07:54
285 	399 	0.5 		2015-08-23 22:42:28
286 	438 	0.5 		2015-09-14 08:34:50
287 	245 	2.5 		2015-08-15 01:42:53
288 	457 	0.5 		2015-10-14 09:58:37
289 	210 	3.5 		2015-10-27 20:07:17
290 	417 	4.5 		2015-09-02 13:33:57
291 	463 	4.5 		2015-10-24 22:51:08
292 	341 	4.5 	2015-08-28 08:25:58 	2015-08-28 03:31:38
293 	322 	4.5 		2015-08-23 19:26:56
294 	222 	4.5 		2015-09-01 23:49:53
295 	319 	4.5 		2015-10-28 23:34:01
296 	381 	2.5 		2015-08-23 07:48:50
297 	3 	4.5 		2015-09-07 07:16:09
298 	489 	4.5 		2015-11-09 22:18:20
299 	84 	1.5 	2015-09-29 19:24:23 	2015-09-29 18:31:28
300 	479 	0.5 		2015-11-08 22:19:35
301 	411 	2.5 		2015-10-14 05:25:15
302 	11 	3.5 		2015-11-15 16:28:13
303 	91 	1.5 		2015-11-06 06:33:47
304 	465 	2.5 		2015-09-23 22:45:18
305 	174 	2.5 		2015-11-19 22:17:55
306 	319 	2.5 		2015-08-07 11:28:01
307 	168 	0.5 		2015-09-07 20:54:14
308 	458 	0.5 		2015-10-29 09:56:18
309 	369 	0.5 		2015-08-16 12:13:14
310 	305 	3.5 		2015-09-15 08:51:52
311 	469 	4.5 		2015-08-14 19:50:40
312 	297 	3.5 		2015-08-20 12:44:07
313 	250 	3.5 		2015-09-12 10:47:08
314 	122 	2.5 		2015-11-23 21:38:50
315 	60 	3.5 		2015-08-07 20:09:05
316 	347 	2.5 		2015-09-09 22:26:51
317 	398 	3.5 		2015-10-10 00:14:11
318 	299 	3.5 		2015-09-23 15:52:34
319 	499 	4.5 		2015-11-10 09:34:14
320 	155 	4.5 		2015-10-29 17:33:50
321 	380 	2.5 		2015-10-26 12:59:58
322 	436 	3.5 		2015-10-25 02:22:49
323 	452 	4.5 		2015-11-24 08:57:46
324 	400 	3.5 		2015-10-26 09:43:05
325 	323 	3.5 	2015-11-12 13:57:52 	2015-11-12 11:54:26
326 	1 	2.5 		2015-11-17 12:52:13
327 	266 	0.5 		2015-10-04 16:45:10
328 	192 	2.5 		2015-10-08 21:10:42
329 	325 	1.5 		2015-08-06 08:46:19
330 	384 	3.5 		2015-09-07 16:53:14
331 	244 	3.5 		2015-09-12 02:57:53
332 	379 	3.5 		2015-10-13 13:53:59
333 	55 	4.5 		2015-10-11 02:08:30
334 	309 	4.5 		2015-10-20 08:33:20
335 	254 	4.5 		2015-11-05 23:45:38
336 	263 	0.5 		2015-11-02 11:53:31
337 	360 	4.5 		2015-11-17 10:16:01
338 	223 	1.5 		2015-08-15 02:21:45
339 	172 	0.5 		2015-08-31 15:01:45
340 	73 	4.5 		2015-09-10 13:54:26
341 	204 	1.5 		2015-09-18 00:50:05
342 	293 	3.5 		2015-08-13 11:56:33
343 	157 	2.5 		2015-09-23 12:17:40
344 	207 	3.5 	2015-09-18 06:49:55 	2015-09-18 05:53:53
345 	392 	2.5 		2015-09-25 13:03:22
346 	209 	3.5 		2015-08-07 13:50:54
347 	178 	3.5 		2015-09-28 13:31:24
348 	366 	2.5 		2015-10-11 05:54:22
349 	374 	1.5 		2015-10-07 07:08:08
350 	94 	0.5 		2015-11-26 20:40:29
351 	453 	3.5 	2015-11-09 03:35:32 	2015-11-09 01:44:16
352 	484 	0.5 		2015-10-28 22:20:41
353 	453 	1.5 	2015-08-11 13:39:49 	2015-08-11 13:21:53
354 	336 	0.5 		2015-08-17 08:55:05
355 	54 	1.5 		2015-11-04 11:33:17
356 	455 	4.5 		2015-11-16 10:29:40
357 	70 	2.5 		2015-10-02 02:33:37
358 	234 	4.5 	2015-08-09 18:37:17 	2015-08-09 17:46:07
359 	344 	2.5 		2015-08-16 04:30:17
360 	33 	0.5 		2015-11-18 01:00:40
361 	406 	1.5 		2015-09-08 04:42:11
362 	481 	4.5 		2015-08-14 00:22:22
363 	166 	0.5 		2015-11-10 06:24:50
364 	446 	2.5 		2015-09-25 07:56:44
365 	90 	2.5 		2015-08-08 15:10:15
366 	92 	0.5 	2015-10-23 03:11:45 	2015-10-23 00:40:40
367 	11 	2.5 		2015-09-24 02:25:25
368 	189 	0.5 		2015-08-22 17:02:59
369 	226 	2.5 		2015-09-04 09:13:00
370 	375 	1.5 		2015-11-18 20:12:47
371 	180 	4.5 		2015-10-31 14:52:15
372 	363 	4.5 		2015-10-14 08:56:13
373 	270 	1.5 		2015-11-15 11:05:18
374 	71 	0.5 	2015-11-22 22:26:04 	2015-11-22 17:46:49
375 	400 	4.5 		2015-10-13 19:31:18
376 	162 	2.5 		2015-11-22 12:10:32
377 	34 	0.5 	2015-08-30 03:23:41 	2015-08-29 23:14:34
378 	251 	1.5 	2015-11-17 06:20:14 	2015-11-17 02:44:09
379 	159 	1.5 		2015-09-24 21:51:41
380 	309 	2.5 		2015-10-23 23:10:28
381 	91 	3.5 		2015-08-17 10:06:09
382 	318 	2.5 		2015-09-28 15:38:11
383 	381 	4.5 	2015-09-03 06:12:14 	2015-09-03 04:22:29
384 	462 	1.5 		2015-09-07 22:16:10
385 	341 	1.5 		2015-11-19 09:04:42
386 	258 	3.5 		2015-08-26 00:14:13
387 	211 	1.5 		2015-11-01 13:46:38
388 	388 	3.5 		2015-10-20 11:57:58
389 	388 	4.5 		2015-09-29 08:34:14
390 	238 	3.5 		2015-09-03 03:39:21
391 	48 	4.5 		2015-11-07 10:42:03
392 	106 	0.5 		2015-08-25 20:09:15
393 	175 	4.5 		2015-10-20 21:29:23
394 	261 	0.5 		2015-09-02 21:07:46
395 	148 	0.5 		2015-09-12 19:20:39
396 	475 	4.5 		2015-08-13 06:19:45
397 	60 	3.5 		2015-08-15 13:36:31
398 	432 	4.5 		2015-11-18 00:07:50
399 	106 	1.5 	2015-08-17 18:46:54 	2015-08-17 18:06:58
400 	238 	1.5 		2015-08-31 06:32:23
401 	428 	4.5 		2015-11-26 21:16:09
402 	130 	3.5 		2015-09-10 01:10:39
403 	495 	3.5 		2015-08-18 00:17:09
404 	128 	4.5 	2015-11-06 18:42:04 	2015-11-06 15:36:37
405 	54 	3.5 		2015-10-05 01:52:13
406 	430 	2.5 		2015-09-24 08:26:56
407 	288 	4.5 	2015-09-21 12:32:57 	2015-09-21 12:29:44
408 	5 	2.5 		2015-08-09 05:57:24
409 	226 	2.5 		2015-11-22 13:10:27
410 	270 	0.5 		2015-10-03 03:27:02
411 	241 	1.5 		2015-09-19 00:33:12
412 	155 	1.5 		2015-09-07 08:06:16
413 	246 	4.5 	2015-08-14 07:54:49 	2015-08-14 04:25:29
414 	110 	2.5 		2015-09-30 08:15:37
415 	178 	0.5 		2015-08-12 05:36:14
416 	391 	1.5 	2015-10-27 17:25:09 	2015-10-27 15:32:44
417 	11 	3.5 		2015-11-25 22:30:18
418 	221 	4.5 		2015-08-24 13:00:36
419 	436 	1.5 		2015-09-14 12:46:02
420 	400 	4.5 		2015-10-07 12:00:32
421 	67 	1.5 		2015-11-20 14:33:49
422 	202 	0.5 		2015-08-19 12:42:51
423 	227 	2.5 		2015-11-21 12:55:17
424 	343 	3.5 		2015-09-16 02:08:08
425 	183 	4.5 		2015-11-20 23:32:08
426 	185 	3.5 		2015-08-30 09:14:02
427 	473 	2.5 		2015-11-14 00:37:35
428 	123 	4.5 		2015-08-12 15:00:31
429 	12 	1.5 		2015-11-19 12:10:41
430 	417 	1.5 		2015-11-21 12:14:02
431 	233 	4.5 		2015-09-15 03:38:07
432 	492 	0.5 		2015-11-07 13:15:17
433 	310 	0.5 		2015-10-31 23:04:48
434 	315 	1.5 	2015-08-27 04:27:41 	2015-08-27 03:21:42
435 	251 	1.5 		2015-10-05 16:05:47
436 	390 	0.5 		2015-09-07 20:43:30
437 	59 	2.5 		2015-10-04 12:47:41
438 	488 	2.5 		2015-08-24 11:02:38
439 	95 	0.5 		2015-09-27 03:43:03
440 	449 	4.5 		2015-08-16 00:45:55
441 	44 	1.5 		2015-11-10 18:18:13
442 	283 	0.5 	2015-11-10 16:37:30 	2015-11-10 11:57:21
443 	499 	4.5 		2015-11-03 12:20:20
444 	366 	3.5 		2015-10-27 20:22:11
445 	296 	2.5 		2015-10-16 12:10:50
446 	119 	3.5 		2015-08-06 09:51:02
447 	334 	4.5 		2015-11-02 02:27:15
448 	130 	4.5 		2015-08-24 08:00:06
449 	143 	1.5 		2015-08-27 04:41:07
450 	188 	0.5 		2015-09-30 19:30:20
451 	82 	0.5 		2015-10-06 20:44:42
452 	61 	0.5 		2015-10-30 20:55:54
453 	491 	0.5 		2015-10-11 12:32:21
454 	334 	3.5 		2015-10-10 15:00:21
455 	492 	1.5 		2015-09-22 03:55:14
456 	119 	0.5 		2015-11-06 02:48:17
457 	442 	2.5 		2015-09-28 12:15:03
458 	154 	2.5 	2015-11-01 17:19:18 	2015-11-01 12:59:49
459 	68 	0.5 		2015-09-25 14:06:47
460 	73 	4.5 		2015-08-07 06:06:47
461 	268 	1.5 	2015-11-14 05:34:05 	2015-11-14 00:57:42
462 	480 	4.5 		2015-08-28 04:16:23
463 	273 	1.5 		2015-10-09 09:49:15
464 	67 	0.5 		2015-10-21 18:45:59
465 	8 	2.5 		2015-09-05 01:51:27
466 	46 	4.5 		2015-09-21 04:11:14
467 	406 	3.5 		2015-10-09 11:41:17
468 	270 	4.5 		2015-10-16 15:36:37
469 	236 	1.5 		2015-08-31 00:52:50
470 	26 	1.5 		2015-09-24 04:41:42
471 	458 	3.5 		2015-10-05 09:13:02
472 	66 	3.5 		2015-10-16 04:29:47
473 	142 	1.5 		2015-10-20 08:23:56
474 	428 	2.5 		2015-10-18 18:06:00
475 	91 	0.5 		2015-09-29 00:53:47
476 	41 	3.5 		2015-08-19 03:32:08
477 	181 	0.5 		2015-10-21 02:04:37
478 	15 	0.5 		2015-10-28 23:24:14
479 	172 	0.5 		2015-11-10 14:38:23
480 	451 	2.5 		2015-11-20 11:36:59
481 	171 	4.5 		2015-09-24 10:07:55
482 	241 	2.5 		2015-08-07 21:01:17
483 	21 	3.5 		2015-11-15 13:45:59
484 	456 	3.5 		2015-11-10 04:42:55
485 	72 	2.5 		2015-10-08 09:28:19
486 	47 	3.5 		2015-08-29 18:09:17
487 	406 	3.5 		2015-11-15 07:11:26
488 	131 	2.5 		2015-09-13 21:22:30
489 	490 	4.5 	2015-10-25 17:24:29 	2015-10-25 13:02:52
490 	170 	1.5 		2015-11-23 02:05:48
491 	208 	2.5 		2015-10-10 18:18:02
492 	13 	1.5 		2015-11-09 15:53:24
493 	242 	4.5 		2015-11-01 17:30:59
494 	14 	1.5 		2015-09-01 14:51:52
495 	369 	2.5 		2015-09-13 07:10:53
496 	53 	4.5 		2015-11-18 21:39:59
497 	209 	2.5 		2015-09-16 09:08:11
498 	161 	0.5 		2015-11-24 15:04:50
499 	343 	3.5 	2015-09-14 15:01:43 	2015-09-14 10:37:52
500 	234 	3.5 		2015-11-26 19:58:41
501 	413 	1.5 		2015-09-04 08:41:26
502 	67 	2.5 		2015-08-18 04:46:41
503 	108 	3.5 		2015-11-07 18:35:29
504 	320 	1.5 		2015-09-02 08:15:50
505 	30 	2.5 		2015-10-25 10:54:05
506 	384 	2.5 		2015-09-17 19:11:03
507 	384 	2.5 		2015-08-26 06:48:22
508 	480 	1.5 		2015-09-05 17:15:44
509 	485 	0.5 		2015-08-07 01:54:49
510 	419 	0.5 		2015-11-01 14:19:43
511 	436 	1.5 		2015-10-17 14:23:43
512 	331 	1.5 		2015-09-21 08:46:35
513 	438 	0.5 	2015-09-03 00:14:37 	2015-09-02 22:19:34
514 	187 	2.5 		2015-09-26 11:50:38
515 	467 	1.5 		2015-09-24 01:43:03
516 	44 	0.5 		2015-09-22 21:17:39
517 	373 	0.5 		2015-11-23 22:18:44
518 	204 	2.5 		2015-08-17 16:30:48
519 	470 	3.5 		2015-10-01 10:00:01
520 	117 	3.5 	2015-08-10 19:36:52 	2015-08-10 16:50:58
521 	373 	1.5 		2015-09-18 11:16:08
522 	435 	3.5 		2015-10-16 07:23:38
523 	344 	1.5 		2015-10-02 03:25:31
524 	33 	4.5 		2015-10-07 10:29:34
525 	53 	4.5 		2015-10-24 21:15:03
526 	168 	1.5 		2015-11-24 07:03:06
527 	159 	0.5 		2015-08-27 18:09:20
528 	363 	2.5 		2015-10-01 08:42:50
529 	195 	1.5 		2015-11-20 00:12:07
530 	469 	0.5 		2015-09-07 18:09:37
531 	76 	1.5 		2015-10-09 18:18:05
532 	299 	3.5 		2015-08-10 08:01:58
533 	434 	4.5 		2015-10-25 05:04:28
534 	89 	3.5 		2015-09-29 01:05:52
535 	49 	0.5 		2015-09-05 00:08:47
536 	131 	0.5 		2015-11-21 03:32:58
537 	137 	2.5 	2015-10-30 07:11:38 	2015-10-30 05:53:18
538 	436 	1.5 		2015-11-20 05:40:10
539 	309 	1.5 		2015-09-28 11:07:36
540 	404 	0.5 		2015-11-16 13:53:29
541 	446 	2.5 		2015-11-09 18:34:39
542 	176 	2.5 		2015-09-27 07:11:36
543 	251 	1.5 		2015-09-23 16:01:58
544 	131 	4.5 		2015-08-15 20:13:27
545 	139 	2.5 		2015-09-18 12:35:22
546 	192 	1.5 		2015-09-22 23:56:55
547 	376 	2.5 		2015-09-18 01:28:48
548 	115 	2.5 	2015-08-21 23:18:14 	2015-08-21 22:21:00
549 	194 	1.5 		2015-08-07 09:35:56
550 	396 	2.5 		2015-11-09 12:08:26
551 	8 	2.5 		2015-10-08 13:24:46
552 	115 	2.5 		2015-10-11 16:00:03
553 	434 	4.5 		2015-11-16 05:04:47
554 	5 	3.5 		2015-08-25 06:26:00
555 	245 	4.5 		2015-09-12 12:42:07
556 	314 	0.5 		2015-09-07 13:39:07
557 	67 	3.5 		2015-08-30 21:30:23
558 	335 	4.5 		2015-08-22 04:59:46
559 	338 	2.5 		2015-08-14 05:44:34
560 	85 	0.5 		2015-10-13 09:32:28
561 	440 	1.5 		2015-08-15 13:49:17
562 	478 	2.5 		2015-10-07 10:05:03
563 	374 	3.5 		2015-09-26 10:02:21
564 	34 	2.5 	2015-09-17 07:49:18 	2015-09-17 05:13:29
565 	218 	2.5 		2015-09-22 00:03:19
566 	258 	2.5 		2015-11-06 04:54:57
567 	223 	1.5 		2015-09-18 21:15:10
568 	2 	3.5 		2015-09-12 07:30:07
569 	32 	1.5 	2015-08-27 06:17:01 	2015-08-27 03:10:35
570 	156 	4.5 		2015-10-10 22:48:09
571 	485 	3.5 		2015-10-15 06:53:51
572 	184 	2.5 		2015-10-07 07:37:12
573 	211 	2.5 	2015-11-08 03:39:46 	2015-11-08 00:00:21
574 	376 	4.5 		2015-08-05 11:01:48
575 	112 	2.5 		2015-09-15 17:48:34
576 	137 	2.5 		2015-09-07 01:56:51
577 	87 	0.5 		2015-10-27 22:35:38
578 	378 	1.5 		2015-10-28 16:48:53
579 	360 	1.5 		2015-10-05 19:44:31
580 	353 	0.5 		2015-09-29 17:45:05
581 	69 	2.5 		2015-11-18 03:21:02
582 	379 	4.5 		2015-11-18 12:01:39
583 	74 	1.5 		2015-11-01 19:22:03
584 	306 	0.5 		2015-10-22 06:21:01
585 	166 	2.5 		2015-09-18 01:54:52
586 	58 	0.5 		2015-11-18 06:18:40
587 	201 	0.5 		2015-09-19 18:45:21
588 	285 	1.5 	2015-09-17 07:51:09 	2015-09-17 05:21:43
589 	156 	1.5 		2015-11-24 00:45:53
590 	197 	3.5 		2015-10-25 08:11:35
591 	275 	3.5 		2015-11-06 09:12:16
592 	140 	2.5 		2015-10-18 21:02:12
593 	107 	2.5 		2015-08-23 16:55:09
594 	406 	2.5 	2015-10-22 07:12:59 	2015-10-22 05:42:14
595 	37 	2.5 		2015-11-07 22:27:50
596 	310 	1.5 		2015-10-21 23:58:01
597 	239 	3.5 		2015-09-16 19:57:22
598 	90 	2.5 		2015-10-22 08:25:37
599 	143 	3.5 		2015-08-30 22:48:34
600 	478 	0.5 		2015-09-23 01:23:49
601 	177 	0.5 		2015-08-05 03:43:53
602 	346 	4.5 		2015-11-11 04:44:14
603 	291 	0.5 		2015-11-09 08:29:01
604 	409 	3.5 		2015-11-11 13:39:08
605 	194 	4.5 		2015-09-21 07:13:56
606 	197 	2.5 		2015-08-14 16:35:54
607 	303 	2.5 	2015-09-07 15:20:45 	2015-09-07 13:47:13
608 	12 	1.5 		2015-10-20 12:32:21
609 	290 	0.5 		2015-09-11 00:14:29
610 	237 	4.5 		2015-08-19 19:02:52
611 	245 	2.5 		2015-11-27 01:44:36
612 	397 	1.5 		2015-08-05 10:19:54
613 	448 	0.5 		2015-08-26 17:15:24
614 	300 	0.5 		2015-10-14 01:26:33
615 	163 	2.5 		2015-10-30 23:57:14
616 	72 	2.5 		2015-08-29 17:16:54
617 	191 	3.5 		2015-08-15 02:50:55
618 	188 	1.5 		2015-10-10 07:27:17
619 	439 	1.5 		2015-11-21 09:33:03
620 	63 	1.5 		2015-10-11 01:11:19
621 	15 	1.5 		2015-09-11 21:00:39
622 	88 	0.5 		2015-08-24 19:12:32
623 	5 	0.5 		2015-09-14 06:00:37
624 	56 	2.5 		2015-10-30 16:25:56
625 	456 	2.5 		2015-08-29 09:45:58
626 	472 	2.5 		2015-10-18 09:20:02
627 	199 	1.5 		2015-10-25 04:04:24
628 	268 	4.5 		2015-10-30 01:18:28
629 	120 	4.5 		2015-08-16 00:22:17
630 	147 	4.5 		2015-08-23 13:45:10
631 	219 	2.5 		2015-10-11 21:37:36
632 	199 	4.5 		2015-10-17 20:25:23
633 	191 	3.5 		2015-08-07 00:17:05
634 	210 	3.5 		2015-10-02 23:43:21
635 	71 	4.5 		2015-10-22 05:52:24
636 	458 	3.5 		2015-10-11 22:30:02
637 	485 	2.5 		2015-09-30 06:00:19
638 	336 	2.5 		2015-08-19 19:29:00
639 	254 	0.5 		2015-11-15 03:18:11
640 	281 	3.5 		2015-09-17 18:43:44
641 	204 	4.5 		2015-08-14 07:53:04
642 	78 	3.5 		2015-09-03 15:14:28
643 	127 	0.5 		2015-11-16 18:31:25
644 	250 	4.5 		2015-09-18 06:46:16
645 	403 	2.5 		2015-10-27 23:28:55
646 	129 	3.5 		2015-11-16 06:09:27
647 	84 	0.5 		2015-10-14 13:10:57
648 	398 	3.5 		2015-09-05 15:17:54
649 	125 	2.5 		2015-10-28 02:22:38
650 	434 	2.5 		2015-10-10 16:49:35
651 	283 	0.5 		2015-10-05 07:12:13
652 	302 	0.5 		2015-08-16 09:53:42
653 	158 	2.5 		2015-10-26 22:21:42
654 	110 	0.5 	2015-08-11 11:49:31 	2015-08-11 09:56:45
655 	303 	2.5 		2015-08-23 20:05:35
656 	367 	0.5 		2015-08-22 19:26:44
657 	480 	2.5 		2015-10-30 16:09:12
658 	138 	4.5 		2015-09-15 05:20:37
659 	181 	3.5 		2015-09-11 08:30:06
660 	317 	0.5 		2015-08-26 22:54:10
661 	441 	0.5 		2015-10-07 06:32:05
662 	4 	4.5 		2015-08-28 09:34:15
663 	72 	4.5 		2015-11-24 00:55:51
664 	105 	2.5 		2015-11-26 08:23:56
665 	421 	0.5 		2015-10-03 05:02:51
666 	321 	1.5 		2015-10-14 20:08:49
667 	415 	3.5 		2015-11-24 02:18:50
668 	310 	0.5 		2015-10-12 01:18:37
669 	76 	4.5 		2015-08-04 20:49:48
670 	398 	2.5 		2015-09-10 14:23:36
671 	303 	0.5 		2015-08-16 06:01:54
672 	456 	2.5 		2015-10-01 20:17:23
673 	412 	4.5 	2015-11-03 11:57:18 	2015-11-03 09:27:14
674 	435 	1.5 		2015-11-10 00:18:41
675 	21 	1.5 		2015-09-26 05:46:31
676 	421 	1.5 		2015-09-07 01:24:43
677 	285 	4.5 		2015-08-22 05:37:25
678 	399 	3.5 		2015-08-08 00:02:13
679 	3 	2.5 		2015-10-18 21:51:54
680 	490 	2.5 		2015-10-22 22:57:03
681 	293 	2.5 		2015-08-29 04:18:06
682 	388 	1.5 		2015-10-03 20:11:33
683 	74 	4.5 		2015-11-05 05:25:45
684 	272 	2.5 		2015-10-22 01:34:29
685 	345 	4.5 		2015-09-06 11:17:05
686 	209 	3.5 		2015-10-17 14:02:41
687 	234 	0.5 		2015-11-02 07:00:00
688 	36 	4.5 		2015-09-18 11:48:49
689 	298 	1.5 		2015-08-29 23:01:32
690 	450 	2.5 		2015-11-05 23:59:06
691 	63 	2.5 		2015-11-19 06:05:17
692 	209 	4.5 		2015-09-27 13:39:27
693 	11 	4.5 		2015-08-07 00:53:25
694 	395 	4.5 		2015-10-24 01:21:29
695 	213 	0.5 		2015-11-05 01:22:58
696 	356 	3.5 		2015-09-08 13:16:34
697 	434 	4.5 		2015-11-16 10:26:03
698 	122 	2.5 		2015-08-16 23:59:29
699 	290 	1.5 		2015-10-23 07:54:25
700 	467 	0.5 		2015-11-10 10:24:16
701 	499 	0.5 		2015-09-04 10:58:50
702 	6 	4.5 		2015-10-15 13:28:21
703 	130 	0.5 		2015-11-12 23:58:04
704 	403 	4.5 		2015-08-05 12:37:14
705 	393 	3.5 		2015-08-29 15:15:03
706 	37 	3.5 		2015-08-14 01:23:12
707 	295 	4.5 		2015-11-17 14:58:17
708 	337 	1.5 		2015-10-02 21:02:37
709 	174 	2.5 		2015-10-06 07:35:15
710 	139 	4.5 		2015-09-24 21:54:26
711 	357 	2.5 		2015-08-05 20:51:19
712 	207 	1.5 		2015-10-12 02:57:09
713 	161 	1.5 		2015-10-11 08:38:35
714 	181 	3.5 		2015-09-05 01:44:33
715 	325 	4.5 		2015-08-26 19:56:14
716 	412 	1.5 		2015-08-27 16:01:05
717 	288 	3.5 		2015-11-06 15:08:05
718 	335 	1.5 		2015-09-28 10:41:52
719 	313 	2.5 		2015-11-12 04:35:30
720 	33 	4.5 		2015-10-31 10:24:06
721 	342 	2.5 		2015-10-20 08:59:01
722 	27 	2.5 		2015-08-17 04:43:26
723 	245 	4.5 		2015-11-08 02:21:26
724 	345 	2.5 		2015-11-13 22:17:38
725 	23 	2.5 		2015-10-22 07:29:08
726 	164 	0.5 		2015-09-02 18:59:13
727 	101 	4.5 		2015-09-29 10:19:40
728 	131 	2.5 		2015-10-06 04:01:52
729 	235 	4.5 		2015-10-25 09:29:39
730 	189 	1.5 		2015-10-25 20:58:40
731 	99 	2.5 		2015-11-07 20:14:15
732 	325 	2.5 		2015-09-06 11:29:44
733 	75 	3.5 		2015-11-12 09:34:53
734 	118 	1.5 		2015-10-06 21:33:15
735 	326 	3.5 		2015-10-19 16:13:50
736 	251 	1.5 		2015-11-25 02:28:10
737 	140 	1.5 		2015-08-14 13:05:50
738 	465 	1.5 		2015-09-29 08:07:43
739 	201 	1.5 		2015-09-06 23:47:11
740 	351 	1.5 		2015-11-20 05:48:54
741 	279 	2.5 		2015-08-23 00:38:43
742 	305 	1.5 		2015-11-21 14:59:48
743 	288 	3.5 		2015-08-15 07:51:31
744 	471 	0.5 		2015-10-25 19:34:07
745 	295 	4.5 		2015-10-18 19:56:02
746 	259 	0.5 		2015-11-23 22:31:20
747 	75 	3.5 		2015-10-15 02:29:08
748 	64 	3.5 		2015-11-25 02:08:24
749 	141 	0.5 		2015-11-02 05:26:04
750 	194 	3.5 		2015-09-05 15:17:37
751 	261 	0.5 		2015-08-15 14:22:53
752 	271 	2.5 		2015-10-25 21:11:33
753 	459 	1.5 		2015-09-02 11:10:41
754 	175 	3.5 		2015-10-03 10:18:20
755 	334 	3.5 		2015-11-01 15:53:57
756 	176 	0.5 		2015-11-07 06:42:41
757 	412 	3.5 		2015-11-04 03:25:19
758 	217 	0.5 		2015-08-05 07:32:53
759 	166 	1.5 		2015-11-22 05:49:28
760 	251 	2.5 		2015-08-12 19:07:40
761 	415 	0.5 		2015-10-15 17:03:43
762 	293 	2.5 		2015-10-12 18:01:30
763 	451 	0.5 		2015-11-26 08:08:28
764 	473 	4.5 		2015-11-11 08:59:15
765 	488 	3.5 		2015-10-20 20:02:14
766 	328 	0.5 		2015-08-08 00:34:38
767 	453 	1.5 		2015-10-09 01:58:42
768 	397 	1.5 		2015-11-10 11:46:27
769 	255 	2.5 		2015-09-22 08:21:25
770 	14 	0.5 		2015-09-20 19:04:28
771 	20 	2.5 		2015-09-16 08:50:24
772 	293 	2.5 		2015-10-30 06:45:27
773 	69 	3.5 		2015-10-10 15:09:38
774 	467 	4.5 		2015-10-25 06:05:56
775 	282 	4.5 		2015-10-27 00:12:18
776 	168 	4.5 		2015-08-18 11:36:09
777 	478 	1.5 		2015-11-08 22:37:05
778 	360 	3.5 		2015-08-13 07:45:11
779 	364 	2.5 		2015-08-30 01:38:34
780 	452 	1.5 		2015-10-10 00:13:12
781 	412 	1.5 		2015-11-26 14:27:20
782 	398 	4.5 		2015-09-28 14:40:11
783 	352 	2.5 		2015-10-08 21:13:42
784 	452 	1.5 		2015-08-12 03:11:05
785 	52 	0.5 		2015-09-29 19:38:16
786 	476 	1.5 		2015-08-06 04:04:51
787 	143 	3.5 		2015-11-24 15:15:46
788 	234 	3.5 	2015-10-03 14:43:50 	2015-10-03 12:59:12
789 	265 	3.5 		2015-08-16 19:04:04
790 	449 	0.5 		2015-09-20 12:04:45
791 	388 	4.5 		2015-11-20 16:20:08
792 	446 	3.5 		2015-09-27 17:52:24
793 	367 	1.5 		2015-10-22 01:48:38
794 	116 	3.5 		2015-11-25 12:58:00
795 	56 	4.5 		2015-09-22 01:29:08
796 	312 	1.5 		2015-11-11 20:02:14
797 	221 	2.5 		2015-10-22 08:31:42
798 	282 	3.5 		2015-08-24 09:48:55
799 	277 	4.5 		2015-11-13 18:53:33
800 	137 	2.5 		2015-08-23 04:10:25
801 	367 	1.5 		2015-08-14 22:53:52
802 	262 	4.5 		2015-09-26 22:36:03
803 	420 	1.5 		2015-11-05 21:06:35
804 	239 	3.5 	2015-11-15 06:34:43 	2015-11-15 04:47:50
805 	196 	1.5 		2015-11-10 16:11:22
806 	188 	3.5 		2015-10-14 19:05:47
807 	480 	0.5 		2015-08-18 00:37:13
808 	85 	2.5 		2015-11-04 16:03:24
809 	306 	0.5 		2015-10-16 01:43:25
810 	407 	0.5 		2015-10-12 06:02:35
811 	446 	1.5 	2015-08-26 06:38:23 	2015-08-26 05:00:18
812 	97 	2.5 		2015-08-16 07:23:51
813 	140 	3.5 	2015-10-03 06:05:53 	2015-10-03 03:59:55
814 	487 	1.5 		2015-09-28 02:12:29
815 	30 	3.5 		2015-09-01 16:03:49
816 	246 	2.5 		2015-10-08 16:42:17
817 	303 	1.5 		2015-08-29 02:19:19
818 	256 	3.5 		2015-08-19 01:21:34
819 	438 	4.5 		2015-10-20 19:10:03
820 	45 	3.5 		2015-09-01 09:31:53
821 	486 	3.5 		2015-11-15 18:18:10
822 	443 	0.5 		2015-08-10 22:30:41
823 	245 	2.5 		2015-10-09 10:02:47
824 	123 	2.5 		2015-10-30 07:34:21
825 	472 	2.5 		2015-09-22 09:28:50
826 	227 	0.5 		2015-09-09 08:41:55
827 	190 	1.5 		2015-10-04 15:16:34
828 	69 	2.5 		2015-09-04 08:28:19
829 	2 	0.5 		2015-11-25 18:29:32
830 	61 	0.5 		2015-08-21 07:48:51
831 	93 	3.5 		2015-11-04 18:04:36
832 	218 	4.5 		2015-09-10 02:13:36
833 	266 	4.5 	2015-09-15 18:42:42 	2015-09-15 14:59:08
834 	463 	1.5 		2015-08-17 12:55:17
835 	445 	2.5 		2015-10-03 20:42:08
836 	130 	1.5 		2015-11-09 12:09:41
837 	65 	2.5 		2015-08-26 12:14:56
838 	205 	4.5 		2015-08-31 11:51:36
839 	8 	3.5 		2015-11-22 00:29:23
840 	203 	1.5 		2015-11-13 09:14:56
841 	375 	2.5 		2015-10-15 06:46:04
842 	180 	2.5 		2015-11-08 16:15:45
843 	126 	0.5 		2015-09-17 15:28:42
844 	436 	1.5 		2015-09-13 01:50:50
845 	395 	0.5 		2015-10-16 21:30:29
846 	241 	2.5 		2015-09-23 03:10:21
847 	229 	4.5 		2015-10-07 16:18:57
848 	285 	4.5 		2015-11-08 04:42:43
849 	480 	2.5 		2015-11-18 17:04:24
850 	86 	4.5 	2015-10-28 19:29:15 	2015-10-28 18:21:58
851 	67 	2.5 		2015-11-23 11:35:43
852 	70 	4.5 		2015-08-21 11:54:36
853 	398 	0.5 		2015-11-13 16:22:26
854 	462 	2.5 		2015-11-17 15:54:48
855 	288 	3.5 		2015-09-13 12:08:09
856 	8 	4.5 		2015-10-16 20:59:36
857 	144 	0.5 		2015-11-01 16:35:32
858 	250 	4.5 		2015-09-08 07:15:31
859 	178 	2.5 		2015-10-23 05:45:04
860 	268 	4.5 		2015-08-19 03:38:19
861 	21 	2.5 		2015-11-06 21:28:01
862 	305 	3.5 		2015-10-24 02:36:21
863 	330 	3.5 		2015-10-07 13:17:31
864 	214 	0.5 		2015-10-26 23:58:56
865 	221 	1.5 		2015-11-23 18:18:32
866 	308 	2.5 		2015-09-17 15:01:33
867 	242 	3.5 		2015-10-11 16:27:43
868 	127 	4.5 		2015-09-29 11:35:28
869 	104 	0.5 		2015-08-11 04:36:12
870 	260 	0.5 	2015-10-01 15:55:46 	2015-10-01 12:47:00
871 	409 	3.5 		2015-09-29 16:45:36
872 	24 	0.5 		2015-08-04 18:52:28
873 	354 	1.5 		2015-08-19 03:11:32
874 	148 	2.5 		2015-09-04 12:49:09
875 	279 	0.5 		2015-08-09 08:12:06
876 	31 	2.5 		2015-10-30 15:18:14
877 	241 	2.5 		2015-09-09 02:28:00
878 	376 	3.5 		2015-09-25 01:09:13
879 	145 	3.5 		2015-10-29 22:39:47
880 	249 	0.5 	2015-11-19 11:16:29 	2015-11-19 10:58:48
881 	245 	0.5 		2015-10-17 14:59:45
882 	275 	4.5 	2015-10-13 19:48:17 	2015-10-13 18:11:53
883 	207 	4.5 		2015-09-22 12:54:50
884 	471 	2.5 	2015-09-05 10:27:31 	2015-09-05 06:44:02
885 	6 	3.5 		2015-09-06 22:11:21
886 	275 	0.5 		2015-08-07 03:11:44
887 	186 	4.5 		2015-10-27 07:59:53
888 	138 	0.5 		2015-11-20 07:46:16
889 	175 	4.5 		2015-08-07 11:35:50
890 	262 	4.5 		2015-09-06 22:40:03
891 	99 	4.5 		2015-08-19 10:14:25
892 	118 	3.5 		2015-08-05 21:25:59
893 	494 	4.5 		2015-08-13 09:31:19
894 	441 	3.5 		2015-08-27 13:05:28
895 	218 	4.5 		2015-09-20 01:21:11
896 	400 	3.5 		2015-11-10 04:17:32
897 	107 	2.5 		2015-11-15 10:45:34
898 	442 	1.5 		2015-10-12 00:47:06
899 	263 	1.5 		2015-08-07 15:01:18
900 	459 	4.5 		2015-09-24 22:03:00
901 	261 	2.5 		2015-08-25 05:23:08
902 	378 	3.5 		2015-11-02 14:00:02
903 	76 	3.5 		2015-08-24 17:56:10
904 	78 	4.5 		2015-08-12 23:28:16
905 	360 	4.5 		2015-10-28 12:23:31
906 	398 	3.5 		2015-10-11 14:57:09
907 	440 	0.5 		2015-09-05 01:19:04
908 	31 	1.5 		2015-08-12 00:08:48
909 	53 	2.5 		2015-08-27 17:55:15
910 	329 	0.5 		2015-11-06 15:26:47
911 	48 	3.5 		2015-10-18 08:44:47
912 	112 	4.5 	2015-08-07 08:06:24 	2015-08-07 05:13:41
913 	69 	2.5 		2015-11-08 22:38:18
914 	83 	1.5 		2015-10-22 00:29:39
915 	396 	2.5 		2015-08-20 01:35:12
916 	31 	3.5 		2015-10-01 02:50:16
917 	139 	4.5 		2015-11-27 05:32:49
918 	362 	1.5 		2015-10-10 06:07:59
919 	344 	2.5 		2015-11-07 20:57:35
920 	12 	0.5 		2015-08-31 04:28:07
921 	169 	3.5 		2015-09-14 03:30:58
922 	91 	4.5 		2015-08-18 00:08:51
923 	333 	0.5 		2015-11-23 00:40:42
924 	88 	2.5 		2015-09-21 12:46:32
925 	37 	4.5 		2015-11-13 21:42:25
926 	434 	1.5 		2015-08-05 16:20:23
927 	307 	1.5 		2015-11-25 22:27:43
928 	34 	1.5 		2015-08-28 22:19:50
929 	238 	0.5 		2015-09-08 03:03:19
930 	258 	2.5 		2015-11-16 17:34:15
931 	94 	0.5 		2015-11-22 18:58:25
932 	244 	0.5 		2015-11-07 02:33:12
933 	462 	4.5 	2015-11-17 16:14:51 	2015-11-17 12:32:41
934 	303 	2.5 		2015-11-08 01:03:32
935 	350 	2.5 		2015-08-24 11:56:31
936 	374 	3.5 		2015-11-21 23:50:53
937 	77 	1.5 		2015-11-16 19:27:13
938 	389 	1.5 		2015-10-17 09:56:18
939 	367 	0.5 		2015-09-10 00:15:20
940 	348 	0.5 		2015-10-09 00:06:24
941 	434 	0.5 	2015-11-10 11:26:18 	2015-11-10 08:18:31
942 	8 	3.5 		2015-09-07 11:05:15
943 	85 	2.5 		2015-08-18 17:15:21
944 	348 	0.5 		2015-09-06 04:54:09
945 	108 	1.5 		2015-08-20 14:59:01
946 	461 	4.5 		2015-08-12 18:26:25
947 	1 	0.5 		2015-09-02 00:02:25
948 	292 	3.5 		2015-11-01 23:55:47
949 	464 	2.5 		2015-08-29 07:13:46
950 	449 	3.5 	2015-10-23 13:33:46 	2015-10-23 09:58:42
951 	342 	1.5 		2015-11-23 22:16:53
952 	29 	0.5 		2015-11-19 05:50:17
953 	273 	4.5 		2015-08-05 09:12:06
954 	477 	3.5 		2015-10-25 04:35:53
955 	335 	0.5 		2015-08-08 14:49:09
956 	486 	1.5 		2015-10-10 15:52:56
957 	278 	3.5 		2015-10-20 17:18:48
958 	188 	1.5 		2015-08-06 09:29:39
959 	208 	0.5 		2015-11-09 23:34:56
960 	268 	4.5 	2015-08-13 18:11:52 	2015-08-13 13:12:55
961 	421 	3.5 		2015-08-25 01:20:56
962 	471 	4.5 		2015-10-21 11:16:58
963 	452 	4.5 		2015-10-02 19:59:30
964 	41 	0.5 		2015-10-22 21:18:52
965 	327 	4.5 		2015-09-20 18:47:40
966 	369 	2.5 		2015-11-27 00:19:59
967 	381 	3.5 		2015-10-31 14:30:29
968 	279 	1.5 		2015-09-22 03:38:17
969 	414 	1.5 		2015-08-13 13:27:34
970 	22 	3.5 		2015-11-02 01:15:42
971 	490 	2.5 		2015-09-04 01:24:23
972 	214 	3.5 		2015-11-18 04:19:23
973 	8 	2.5 		2015-11-24 00:19:36
974 	348 	3.5 		2015-08-24 04:25:22
975 	332 	0.5 		2015-11-12 10:38:46
976 	422 	3.5 		2015-11-07 15:23:40
977 	108 	2.5 		2015-08-29 02:25:49
978 	463 	3.5 		2015-09-09 18:18:23
979 	69 	0.5 		2015-08-24 16:57:57
980 	490 	2.5 		2015-08-16 14:04:41
981 	327 	2.5 		2015-08-12 05:54:32
982 	140 	2.5 		2015-09-13 19:20:38
983 	304 	0.5 		2015-09-27 10:56:08
984 	27 	4.5 		2015-09-19 06:41:08
985 	381 	4.5 		2015-11-11 08:42:48
986 	94 	1.5 		2015-09-05 23:46:36
987 	474 	4.5 		2015-10-16 09:12:00
988 	244 	4.5 		2015-11-17 11:04:27
989 	302 	3.5 		2015-11-22 03:16:47
990 	170 	3.5 		2015-11-25 10:39:17
991 	450 	3.5 		2015-11-02 13:00:03
992 	102 	2.5 		2015-11-21 00:54:42
993 	1 	3.5 		2015-11-07 10:51:27
994 	451 	4.5 		2015-10-06 12:55:18
995 	114 	4.5 		2015-11-14 06:59:27
996 	135 	4.5 		2015-10-24 10:04:42
997 	488 	2.5 		2015-08-16 04:38:27
998 	2 	2.5 		2015-08-12 10:49:05
999 	494 	1.5 		2015-09-20 09:39:04
1000 	442 	4.5 		2015-10-24 02:07:28
1001 	491 	1.5 		2015-09-02 02:08:49
1002 	382 	1.5 		2015-10-20 10:00:37
1003 	2 	2.5 		2015-11-03 05:16:27
1004 	466 	1.5 		2015-11-20 01:10:37
1005 	47 	3.5 		2015-11-11 18:22:31
1006 	182 	2.5 		2015-08-18 18:21:30
1007 	400 	0.5 		2015-10-28 15:08:38
1008 	113 	2.5 		2015-08-16 19:09:16
1009 	8 	3.5 		2015-11-13 21:46:33
1010 	247 	0.5 		2015-11-23 07:48:03
1011 	179 	2.5 		2015-09-19 04:17:04
1012 	389 	1.5 		2015-09-13 11:11:08
1013 	342 	2.5 		2015-11-24 14:37:01
1014 	70 	4.5 		2015-08-20 13:40:03
1015 	164 	3.5 		2015-11-13 09:15:59
1016 	370 	4.5 		2015-08-04 04:23:47
1017 	430 	2.5 		2015-08-30 14:21:32
1018 	45 	0.5 		2015-08-27 00:18:27
1019 	479 	3.5 		2015-10-31 10:51:55
1020 	82 	3.5 		2015-11-27 13:45:17
1021 	258 	1.5 		2015-08-19 22:52:03
1022 	257 	1.5 		2015-08-18 19:14:51
1023 	451 	2.5 		2015-09-17 17:59:08
1024 	436 	4.5 		2015-11-15 22:15:17
1025 	429 	4.5 		2015-09-14 08:25:58
1026 	127 	4.5 		2015-10-11 18:53:27
1027 	273 	4.5 		2015-09-04 20:08:13
1028 	365 	1.5 		2015-09-18 20:51:46
1029 	85 	3.5 		2015-08-27 08:04:05
1030 	186 	1.5 		2015-11-25 00:53:30
1031 	53 	3.5 		2015-10-11 06:40:25
1032 	459 	2.5 		2015-10-23 06:24:07
1033 	143 	3.5 		2015-10-19 23:59:24
1034 	154 	4.5 		2015-08-24 06:32:37
1035 	451 	1.5 		2015-10-06 05:49:03
1036 	161 	3.5 		2015-08-17 21:50:35
1037 	327 	4.5 		2015-11-13 23:11:09
1038 	371 	3.5 		2015-08-23 11:12:17
1039 	314 	0.5 		2015-10-23 13:13:49
1040 	284 	3.5 	2015-11-25 17:51:09 	2015-11-25 14:25:09
1041 	81 	4.5 		2015-09-12 15:45:32
1042 	492 	3.5 		2015-10-06 07:11:54
1043 	259 	2.5 		2015-08-09 00:48:32
1044 	494 	0.5 		2015-09-02 12:10:58
1045 	436 	4.5 		2015-09-14 10:54:31
1046 	150 	2.5 		2015-08-15 10:25:27
1047 	350 	1.5 		2015-11-08 02:56:17
1048 	178 	2.5 		2015-11-19 07:40:25
1049 	269 	1.5 		2015-10-26 15:39:21
1050 	473 	4.5 		2015-10-16 19:12:52
1051 	485 	0.5 		2015-11-06 09:00:52
1052 	468 	4.5 		2015-08-21 23:35:16
1053 	399 	4.5 		2015-11-05 08:52:12
1054 	461 	2.5 		2015-10-03 22:09:27
1055 	73 	4.5 	2015-08-31 22:11:28 	2015-08-31 18:52:35
1056 	366 	0.5 	2015-09-18 09:21:23 	2015-09-18 06:52:14
1057 	269 	4.5 		2015-08-15 04:08:18
1058 	484 	4.5 		2015-09-12 22:01:22
1059 	297 	1.5 		2015-09-07 21:50:33
1060 	455 	1.5 		2015-08-16 03:41:07
1061 	206 	2.5 		2015-09-08 14:56:24
1062 	343 	3.5 	2015-09-17 06:28:43 	2015-09-17 02:03:11
1063 	117 	3.5 		2015-10-26 07:13:08
1064 	128 	2.5 		2015-11-24 15:11:03
1065 	326 	2.5 		2015-09-11 10:38:35
1066 	174 	0.5 		2015-08-08 13:14:03
1067 	326 	4.5 		2015-10-26 04:06:29
1068 	349 	3.5 	2015-08-31 06:10:28 	2015-08-31 04:35:24
1069 	64 	4.5 		2015-08-30 18:22:56
1070 	475 	1.5 		2015-11-21 05:59:06
1071 	445 	0.5 		2015-11-07 17:38:42
1072 	467 	0.5 		2015-11-26 11:24:56
1073 	362 	4.5 		2015-10-10 18:20:41
1074 	339 	0.5 		2015-09-25 15:13:21
1075 	278 	0.5 	2015-09-01 21:04:37 	2015-09-01 20:42:17
1076 	212 	1.5 		2015-08-18 18:47:52
1077 	109 	4.5 		2015-08-13 19:11:41
1078 	398 	4.5 		2015-11-05 02:49:09
1079 	495 	2.5 		2015-10-20 15:40:08
1080 	75 	3.5 		2015-10-09 10:33:41
1081 	280 	2.5 		2015-11-08 16:57:52
1082 	365 	1.5 		2015-11-10 17:09:10
1083 	308 	4.5 		2015-11-13 07:52:23
1084 	268 	0.5 		2015-11-18 09:31:32
1085 	366 	4.5 		2015-09-15 11:57:06
1086 	68 	3.5 		2015-11-24 06:30:21
1087 	5 	0.5 		2015-11-19 17:36:39
1088 	157 	4.5 		2015-08-18 19:50:01
1089 	223 	4.5 		2015-10-29 23:08:26
1090 	21 	1.5 		2015-08-06 06:08:33
1091 	466 	2.5 		2015-09-11 15:15:49
1092 	286 	2.5 		2015-08-22 11:58:14
1093 	432 	1.5 	2015-08-31 13:27:43 	2015-08-31 09:58:23
1094 	219 	0.5 		2015-11-02 15:43:04
1095 	63 	3.5 		2015-08-11 04:38:31
1096 	437 	1.5 	2015-10-01 04:46:31 	2015-10-01 00:04:20
1097 	3 	0.5 		2015-08-14 00:24:50
1098 	431 	2.5 		2015-09-17 09:43:54
1099 	204 	4.5 		2015-09-09 06:07:46
1100 	52 	3.5 		2015-10-13 14:11:24
1101 	134 	0.5 		2015-08-13 16:39:03
1102 	21 	3.5 		2015-11-08 22:49:32
1103 	452 	4.5 		2015-10-05 20:59:53
1104 	221 	0.5 		2015-08-26 21:19:40
1105 	293 	0.5 		2015-08-14 18:34:11
1106 	67 	1.5 		2015-10-24 21:12:45
1107 	468 	1.5 		2015-08-31 21:05:23
1108 	322 	4.5 		2015-10-24 05:32:39
1109 	330 	3.5 	2015-08-19 01:12:39 	2015-08-18 22:17:35
1110 	438 	0.5 		2015-08-27 11:22:22
1111 	47 	1.5 		2015-09-17 02:59:34
1112 	395 	1.5 		2015-11-02 01:53:48
1113 	320 	3.5 		2015-11-26 05:11:56
1114 	39 	4.5 		2015-09-29 19:26:51
1115 	398 	2.5 		2015-11-12 04:25:02
1116 	413 	2.5 		2015-11-08 20:10:58
1117 	442 	0.5 		2015-09-14 13:29:05
1118 	268 	2.5 		2015-09-01 07:46:50
1119 	148 	1.5 		2015-10-28 05:53:23
1120 	133 	0.5 		2015-11-04 05:21:52
1121 	178 	2.5 		2015-11-12 12:41:23
1122 	129 	0.5 		2015-10-15 11:47:11
1123 	180 	0.5 		2015-11-22 16:01:23
1124 	125 	3.5 		2015-09-24 01:35:13
1125 	251 	0.5 		2015-10-23 15:12:11
1126 	339 	1.5 		2015-10-10 11:16:02
1127 	54 	0.5 		2015-10-23 20:16:38
1128 	309 	3.5 		2015-11-25 17:35:26
1129 	68 	2.5 		2015-11-08 23:05:58
1130 	179 	0.5 		2015-11-16 13:16:20
1131 	23 	3.5 		2015-10-11 13:26:49
1132 	194 	4.5 		2015-09-16 22:23:56
1133 	103 	3.5 		2015-11-21 07:19:56
1134 	461 	1.5 		2015-09-27 11:29:06
1135 	81 	2.5 		2015-08-25 04:33:06
1136 	370 	0.5 		2015-10-16 02:00:14
1137 	456 	2.5 		2015-09-23 17:41:46
1138 	357 	4.5 		2015-10-06 07:27:15
1139 	339 	4.5 		2015-10-28 09:11:27
1140 	22 	3.5 		2015-10-11 16:55:29
1141 	427 	0.5 		2015-10-08 07:00:05
1142 	353 	4.5 		2015-10-31 05:24:46
1143 	479 	4.5 		2015-10-26 16:40:10
1144 	339 	2.5 		2015-08-24 01:32:02
1145 	474 	3.5 		2015-09-09 04:04:00
1146 	435 	1.5 		2015-08-22 05:33:21
1147 	188 	1.5 		2015-08-14 21:30:42
1148 	387 	0.5 		2015-11-14 16:16:15
1149 	355 	4.5 		2015-10-31 23:33:10
1150 	465 	3.5 		2015-09-20 00:23:03
1151 	228 	1.5 		2015-11-05 13:49:04
1152 	146 	4.5 		2015-08-08 21:47:11
1153 	133 	4.5 		2015-09-22 16:00:20
1154 	386 	2.5 		2015-10-24 12:39:39
1155 	426 	2.5 		2015-09-07 10:00:59
1156 	495 	0.5 		2015-08-07 04:22:07
1157 	192 	4.5 		2015-09-14 04:43:55
1158 	344 	0.5 		2015-11-24 01:01:38
1159 	399 	2.5 		2015-11-18 01:12:51
1160 	39 	4.5 		2015-10-03 14:57:57
1161 	160 	1.5 		2015-10-20 01:11:08
1162 	39 	1.5 		2015-11-18 07:13:54
1163 	475 	4.5 		2015-09-25 17:22:59
1164 	332 	2.5 		2015-09-08 20:10:51
1165 	150 	1.5 		2015-08-19 19:45:14
1166 	163 	2.5 		2015-10-18 16:20:40
1167 	474 	1.5 		2015-08-25 05:08:42
1168 	283 	3.5 		2015-09-22 16:17:03
1169 	313 	2.5 		2015-08-18 02:27:26
1170 	249 	4.5 		2015-11-23 16:22:46
1171 	59 	1.5 		2015-09-20 09:11:18
1172 	417 	1.5 		2015-09-03 01:47:48
1173 	232 	4.5 		2015-09-15 21:27:01
1174 	465 	1.5 		2015-08-31 16:56:33
1175 	238 	4.5 		2015-11-21 14:47:03
1176 	89 	1.5 		2015-11-15 22:35:39
1177 	337 	4.5 		2015-11-15 08:44:29
1178 	89 	0.5 		2015-08-05 00:46:06
1179 	490 	3.5 		2015-08-26 02:01:17
1180 	229 	0.5 		2015-08-17 17:22:45
1181 	433 	3.5 		2015-10-11 15:50:30
1182 	227 	2.5 		2015-10-25 21:56:35
1183 	83 	2.5 		2015-08-11 13:58:23
1184 	436 	1.5 		2015-11-15 09:20:50
1185 	71 	0.5 		2015-10-15 19:59:06
1186 	466 	1.5 		2015-10-17 12:17:40
1187 	194 	2.5 		2015-10-25 03:38:18
1188 	43 	2.5 		2015-09-11 03:37:21
1189 	448 	1.5 		2015-10-27 13:30:11
1190 	7 	0.5 		2015-10-19 14:23:24
1191 	374 	0.5 		2015-09-20 21:42:42
1192 	281 	4.5 		2015-08-04 13:59:30
1193 	327 	1.5 		2015-08-25 23:58:28
1194 	218 	4.5 	2015-08-14 11:57:06 	2015-08-14 10:24:09
1195 	416 	1.5 		2015-08-06 03:28:32
1196 	64 	2.5 		2015-08-16 08:48:29
1197 	461 	0.5 		2015-10-28 00:11:10
1198 	98 	2.5 		2015-10-23 04:06:26
1199 	142 	3.5 		2015-10-26 13:10:15
1200 	207 	4.5 		2015-08-05 23:57:22
1201 	208 	0.5 		2015-08-07 17:56:52
1202 	300 	4.5 		2015-09-04 14:08:33
1203 	460 	4.5 		2015-08-05 11:40:54
1204 	131 	3.5 		2015-10-01 10:52:25
1205 	394 	3.5 		2015-08-12 14:26:52
1206 	331 	3.5 		2015-09-13 07:53:01
1207 	486 	4.5 		2015-09-12 18:57:04
1208 	249 	3.5 		2015-08-25 04:46:04
1209 	190 	4.5 		2015-10-07 01:58:01
1210 	274 	0.5 		2015-08-28 10:32:32
1211 	455 	1.5 		2015-10-31 00:07:07
1212 	367 	1.5 	2015-09-30 11:24:42 	2015-09-30 10:40:48
1213 	449 	0.5 		2015-10-28 17:12:28
1214 	58 	3.5 		2015-08-17 01:52:32
1215 	58 	4.5 		2015-10-10 22:09:56
1216 	262 	1.5 		2015-08-19 21:08:40
1217 	465 	0.5 		2015-11-10 02:53:01
1218 	285 	1.5 		2015-10-17 17:37:27
1219 	432 	1.5 		2015-10-06 11:20:38
1220 	480 	0.5 		2015-11-09 16:06:10
1221 	143 	4.5 		2015-09-25 22:11:53
1222 	333 	4.5 		2015-10-03 05:57:16
1223 	319 	4.5 		2015-10-06 07:29:32
1224 	367 	4.5 		2015-08-04 22:05:27
1225 	44 	0.5 		2015-08-17 16:32:44
1226 	27 	2.5 		2015-09-03 01:12:07
1227 	135 	3.5 		2015-11-25 08:21:27
1228 	207 	2.5 		2015-09-11 14:56:33
1229 	252 	4.5 		2015-10-23 17:24:17
1230 	29 	2.5 		2015-09-06 14:45:49
1231 	156 	1.5 		2015-09-14 13:23:28
1232 	23 	0.5 	2015-08-12 03:16:25 	2015-08-12 02:57:54
1233 	41 	1.5 		2015-08-18 08:06:41
1234 	87 	2.5 		2015-09-26 06:59:23
1235 	25 	0.5 		2015-08-28 13:23:03
1236 	370 	2.5 		2015-09-16 14:10:16
1237 	345 	2.5 		2015-09-16 02:34:34
1238 	158 	3.5 		2015-08-18 19:59:26
1239 	41 	3.5 		2015-08-19 22:39:41
1240 	246 	1.5 		2015-11-25 15:52:41
1241 	96 	1.5 		2015-11-08 23:03:02
1242 	480 	4.5 		2015-10-10 05:46:36
1243 	185 	3.5 		2015-10-25 20:56:51
1244 	95 	3.5 		2015-11-17 15:30:16
1245 	43 	0.5 		2015-09-08 22:30:40
1246 	476 	4.5 		2015-11-26 15:48:11
1247 	54 	4.5 		2015-11-17 15:19:47
1248 	94 	2.5 		2015-08-14 20:47:56
1249 	166 	4.5 		2015-08-25 23:03:36
1250 	98 	3.5 		2015-10-29 19:05:03
1251 	279 	4.5 	2015-08-17 15:30:03 	2015-08-17 15:14:36
1252 	77 	1.5 		2015-08-21 02:36:35
1253 	346 	1.5 		2015-08-09 08:49:26
1254 	422 	0.5 		2015-08-17 23:44:58
1255 	321 	1.5 		2015-09-25 06:23:07
1256 	135 	0.5 		2015-11-08 19:08:01
1257 	113 	1.5 		2015-08-08 15:00:44
1258 	242 	4.5 		2015-10-03 16:30:01
1259 	200 	3.5 		2015-09-14 07:28:02
1260 	497 	0.5 		2015-11-16 07:15:42
1261 	174 	0.5 		2015-09-12 06:09:34
1262 	146 	1.5 		2015-11-26 06:56:10
1263 	147 	0.5 		2015-08-05 22:39:11
1264 	468 	3.5 		2015-11-14 18:48:10
1265 	73 	1.5 		2015-09-22 19:18:57
1266 	64 	2.5 		2015-10-24 18:09:58
1267 	53 	1.5 		2015-09-30 21:29:48
1268 	131 	0.5 		2015-10-29 13:49:48
1269 	163 	4.5 		2015-10-09 03:04:40
1270 	203 	1.5 		2015-11-14 01:21:48
1271 	472 	3.5 		2015-10-10 22:43:02
1272 	460 	1.5 		2015-11-05 09:17:57
1273 	198 	3.5 		2015-11-21 04:59:15
1274 	297 	4.5 		2015-10-09 20:49:49
1275 	42 	0.5 		2015-11-12 03:01:39
1276 	457 	4.5 		2015-08-16 15:04:39
1277 	440 	1.5 		2015-10-24 01:23:47
1278 	383 	1.5 		2015-10-04 20:58:52
1279 	494 	0.5 		2015-11-05 15:49:22
1280 	60 	1.5 	2015-09-26 07:07:05 	2015-09-26 05:46:47
1281 	293 	1.5 		2015-11-09 13:29:21
1282 	389 	0.5 		2015-08-24 08:42:44
1283 	326 	0.5 		2015-10-21 13:39:33
1284 	435 	3.5 		2015-08-08 11:39:40
1285 	68 	2.5 		2015-08-20 23:57:56
1286 	447 	1.5 		2015-08-13 15:02:17
1287 	1 	0.5 		2015-09-22 11:10:44
1288 	213 	1.5 		2015-10-29 05:50:24
1289 	273 	4.5 		2015-11-24 10:02:00
1290 	199 	4.5 		2015-10-30 20:23:38
1291 	166 	4.5 		2015-09-23 09:20:08
1292 	5 	3.5 		2015-10-10 07:09:56
1293 	215 	0.5 		2015-10-13 10:43:14
1294 	485 	3.5 		2015-11-25 00:42:35
1295 	377 	2.5 		2015-09-25 01:28:41
1296 	194 	4.5 		2015-11-08 16:23:43
1297 	490 	4.5 		2015-10-02 13:41:22
1298 	177 	2.5 		2015-10-15 15:49:22
1299 	120 	2.5 		2015-11-08 17:14:46
1300 	42 	2.5 		2015-08-16 17:39:36
1301 	396 	0.5 		2015-09-20 18:01:29
1302 	374 	2.5 		2015-08-12 05:40:37
1303 	281 	2.5 		2015-09-05 06:11:49
1304 	142 	4.5 		2015-08-12 13:43:19
1305 	175 	1.5 		2015-11-11 14:57:26
1306 	123 	1.5 		2015-10-25 16:43:10
1307 	37 	2.5 		2015-08-17 11:16:35
1308 	447 	1.5 		2015-11-06 06:43:52
1309 	15 	1.5 	2015-08-30 09:22:11 	2015-08-30 04:59:50
1310 	181 	0.5 		2015-11-21 08:29:02
1311 	249 	2.5 		2015-09-08 16:57:05
1312 	381 	4.5 		2015-08-07 12:43:22
1313 	428 	4.5 		2015-10-05 19:34:56
1314 	238 	3.5 		2015-10-05 16:09:43
1315 	403 	2.5 		2015-09-15 14:43:39
1316 	443 	4.5 		2015-09-25 06:36:16
1317 	454 	1.5 		2015-10-24 02:12:26
1318 	81 	2.5 		2015-08-31 22:01:16
1319 	63 	2.5 		2015-11-14 04:00:54
1320 	332 	0.5 		2015-09-29 07:33:56
1321 	205 	1.5 	2015-10-28 09:25:06 	2015-10-28 08:43:52
1322 	197 	4.5 		2015-09-26 11:46:49
1323 	391 	0.5 		2015-09-21 05:41:25
1324 	320 	3.5 		2015-09-23 06:31:53
1325 	497 	0.5 		2015-10-12 02:09:02
1326 	310 	0.5 		2015-08-18 13:45:05
1327 	352 	2.5 		2015-10-04 04:12:59
1328 	451 	4.5 		2015-10-20 10:55:01
1329 	441 	1.5 		2015-11-14 13:24:03
1330 	129 	2.5 		2015-10-26 02:12:44
1331 	154 	0.5 		2015-11-08 08:12:15
1332 	181 	3.5 		2015-08-16 17:58:18
1333 	278 	0.5 		2015-10-13 19:02:15
1334 	285 	0.5 		2015-08-29 10:37:24
1335 	4 	4.5 		2015-09-06 05:42:16
1336 	199 	2.5 		2015-09-17 23:12:19
1337 	246 	1.5 		2015-08-29 01:43:27
1338 	179 	1.5 		2015-09-10 19:43:56
1339 	91 	2.5 		2015-08-18 21:32:54
1340 	266 	4.5 		2015-09-05 02:41:01
1341 	87 	0.5 		2015-11-25 13:06:40
1342 	489 	1.5 		2015-10-04 05:47:03
1343 	293 	0.5 		2015-11-14 13:51:03
1344 	306 	0.5 		2015-11-14 00:17:35
1345 	49 	3.5 		2015-08-26 17:42:52
1346 	193 	2.5 		2015-11-06 23:18:29
1347 	312 	3.5 		2015-11-08 05:33:31
1348 	107 	1.5 		2015-08-11 22:59:57
1349 	455 	3.5 		2015-10-26 22:41:38
1350 	279 	4.5 	2015-08-15 18:14:57 	2015-08-15 16:48:00
1351 	217 	2.5 	2015-09-13 21:57:52 	2015-09-13 19:23:11
1352 	304 	4.5 		2015-10-17 12:15:14
1353 	73 	0.5 		2015-09-09 12:33:32
1354 	62 	2.5 		2015-08-25 15:12:24
1355 	454 	0.5 		2015-09-15 19:38:55
1356 	381 	4.5 		2015-09-14 23:36:34
1357 	441 	0.5 	2015-08-07 17:20:40 	2015-08-07 14:35:23
1358 	227 	1.5 		2015-11-25 17:02:14
1359 	357 	1.5 		2015-10-31 17:40:09
1360 	264 	4.5 		2015-09-05 06:30:50
1361 	193 	4.5 		2015-10-23 16:08:47
1362 	113 	3.5 		2015-11-04 07:56:45
1363 	53 	1.5 		2015-09-29 04:12:11
1364 	407 	4.5 		2015-09-08 01:04:06
1365 	386 	1.5 		2015-09-17 16:42:19
1366 	197 	3.5 		2015-08-16 01:51:57
1367 	405 	2.5 		2015-10-25 03:55:44
1368 	278 	2.5 		2015-11-11 03:16:46
1369 	182 	3.5 		2015-09-13 13:39:35
1370 	318 	3.5 		2015-11-12 18:59:29
1371 	277 	3.5 		2015-08-05 21:26:28
1372 	38 	3.5 		2015-10-11 15:58:26
1373 	215 	1.5 		2015-11-26 04:18:55
1374 	426 	1.5 		2015-08-09 17:34:35
1375 	471 	4.5 		2015-10-02 22:55:11
1376 	372 	3.5 		2015-11-15 17:36:00
1377 	34 	1.5 		2015-11-12 00:57:12
1378 	178 	3.5 	2015-09-23 16:15:36 	2015-09-23 15:11:10
1379 	25 	0.5 		2015-10-13 12:56:54
1380 	281 	2.5 		2015-09-11 07:46:56
1381 	492 	2.5 		2015-09-25 01:40:04
1382 	489 	3.5 		2015-10-27 11:46:20
1383 	474 	2.5 		2015-11-06 17:24:18
1384 	227 	3.5 		2015-11-01 00:57:58
1385 	164 	2.5 		2015-09-15 16:29:54
1386 	373 	4.5 		2015-10-23 00:26:49
1387 	84 	3.5 		2015-10-04 05:43:37
1388 	384 	4.5 	2015-10-18 06:10:25 	2015-10-18 05:39:40
1389 	281 	2.5 		2015-09-02 12:47:09
1390 	463 	1.5 		2015-10-20 03:45:32
1391 	359 	0.5 		2015-08-31 05:13:49
1392 	3 	1.5 		2015-08-12 17:41:06
1393 	280 	0.5 		2015-08-28 20:06:57
1394 	122 	4.5 	2015-11-15 05:24:19 	2015-11-15 00:52:52
1395 	156 	4.5 		2015-09-28 16:02:02
1396 	257 	2.5 		2015-08-25 02:59:47
1397 	182 	1.5 		2015-11-19 05:07:43
1398 	126 	2.5 		2015-09-03 15:47:18
1399 	61 	1.5 		2015-11-06 20:14:53
1400 	351 	3.5 		2015-10-04 16:33:10
1401 	248 	0.5 		2015-08-19 09:20:23
1402 	489 	1.5 		2015-09-12 14:16:45
1403 	113 	0.5 		2015-08-08 02:53:39
1404 	399 	2.5 		2015-11-11 18:46:42
1405 	291 	1.5 		2015-10-15 14:59:00
1406 	56 	2.5 		2015-09-02 14:52:59
1407 	26 	3.5 		2015-11-10 17:57:38
1408 	398 	0.5 		2015-09-16 19:38:40
1409 	459 	2.5 		2015-11-10 03:59:47
1410 	13 	0.5 		2015-09-25 05:41:17
1411 	90 	3.5 		2015-10-02 09:17:03
1412 	34 	4.5 		2015-11-13 14:19:12
1413 	240 	0.5 		2015-09-05 05:00:08
1414 	310 	1.5 		2015-08-28 02:05:39
1415 	165 	3.5 		2015-11-12 18:22:42
1416 	413 	2.5 		2015-10-16 12:00:52
1417 	238 	3.5 		2015-10-29 01:43:59
1418 	96 	1.5 		2015-10-09 12:27:38
1419 	483 	0.5 		2015-11-16 03:30:55
1420 	152 	3.5 		2015-09-06 02:03:32
1421 	206 	2.5 		2015-09-18 17:59:17
1422 	201 	3.5 		2015-08-09 13:03:56
1423 	151 	1.5 		2015-10-24 07:32:26
1424 	407 	4.5 	2015-08-23 14:15:47 	2015-08-23 09:49:39
1425 	432 	4.5 		2015-09-28 05:06:39
1426 	413 	1.5 		2015-08-08 03:54:57
1427 	152 	3.5 	2015-10-24 22:43:28 	2015-10-24 19:20:29
1428 	212 	1.5 		2015-08-26 17:39:17
1429 	133 	4.5 		2015-11-16 07:49:23
1430 	196 	0.5 		2015-10-01 16:17:43
1431 	305 	2.5 		2015-10-02 03:55:41
1432 	132 	3.5 		2015-09-28 18:03:05
1433 	308 	1.5 		2015-08-28 21:58:05
1434 	440 	1.5 	2015-08-10 16:36:13 	2015-08-10 11:47:06
1435 	384 	2.5 		2015-10-17 04:30:16
1436 	30 	2.5 		2015-10-18 15:36:45
1437 	141 	2.5 		2015-08-07 13:13:16
1438 	213 	0.5 		2015-11-07 06:36:44
1439 	426 	4.5 	2015-10-13 18:32:11 	2015-10-13 15:42:21
1440 	382 	4.5 		2015-09-15 21:12:02
1441 	213 	2.5 		2015-09-17 05:13:49
1442 	254 	4.5 		2015-09-23 15:48:16
1443 	22 	1.5 		2015-10-26 01:59:00
1444 	53 	3.5 	2015-09-23 14:10:03 	2015-09-23 11:14:21
1445 	224 	0.5 		2015-11-07 04:16:01
1446 	418 	2.5 		2015-08-24 11:45:59
1447 	369 	0.5 		2015-09-27 17:19:51
1448 	316 	1.5 		2015-11-11 02:49:19
1449 	152 	1.5 		2015-08-25 16:22:16
1450 	491 	1.5 	2015-09-18 21:12:39 	2015-09-18 19:06:14
1451 	451 	1.5 		2015-10-21 01:53:02
1452 	275 	0.5 		2015-08-05 05:02:34
1453 	344 	4.5 		2015-11-21 00:45:55
1454 	468 	0.5 		2015-08-27 22:44:42
1455 	393 	0.5 		2015-09-29 04:07:51
1456 	408 	2.5 		2015-11-01 00:48:05
1457 	171 	1.5 		2015-08-15 03:18:07
1458 	242 	0.5 		2015-08-06 19:06:48
1459 	196 	0.5 		2015-10-16 16:16:25
1460 	338 	0.5 		2015-10-21 09:52:42
1461 	330 	1.5 		2015-11-18 12:55:52
1462 	243 	0.5 		2015-08-17 16:22:23
1463 	230 	2.5 		2015-10-31 00:09:19
1464 	227 	2.5 		2015-11-23 05:19:00
1465 	15 	1.5 		2015-09-01 01:02:08
1466 	350 	0.5 		2015-09-24 18:11:20
1467 	266 	0.5 		2015-08-11 00:22:52
1468 	367 	0.5 		2015-11-25 02:05:23
1469 	148 	2.5 		2015-11-19 02:45:51
1470 	358 	0.5 		2015-08-25 00:21:07
1471 	19 	4.5 		2015-09-17 02:19:41
1472 	487 	0.5 		2015-09-22 20:32:37
1473 	341 	1.5 		2015-10-10 13:34:16
1474 	267 	0.5 		2015-10-10 08:10:30
1475 	425 	2.5 		2015-09-16 23:55:02
1476 	402 	1.5 		2015-09-29 02:48:08
1477 	474 	2.5 		2015-11-16 02:29:50
1478 	367 	1.5 		2015-09-04 21:24:53
1479 	381 	2.5 		2015-11-15 21:40:07
1480 	128 	0.5 		2015-10-07 23:58:15
1481 	248 	1.5 		2015-09-30 10:23:37
1482 	491 	0.5 		2015-10-16 05:07:29
1483 	431 	2.5 	2015-11-04 11:35:11 	2015-11-04 11:33:37
1484 	67 	0.5 		2015-09-21 12:25:57
1485 	410 	2.5 		2015-10-10 01:45:00
1486 	30 	2.5 		2015-11-27 01:05:37
1487 	262 	3.5 	2015-11-19 16:04:37 	2015-11-19 11:39:51
1488 	476 	4.5 		2015-11-21 22:40:53
1489 	236 	4.5 		2015-08-13 07:11:01
1490 	149 	2.5 		2015-09-22 02:55:43
1491 	313 	3.5 		2015-10-13 01:15:15
1492 	257 	2.5 		2015-10-21 10:36:54
1493 	131 	0.5 		2015-11-15 00:51:37
1494 	58 	4.5 		2015-11-14 20:11:17
1495 	415 	2.5 		2015-09-08 19:11:21
1496 	296 	1.5 		2015-10-13 20:42:12
1497 	257 	4.5 		2015-09-17 10:35:20
1498 	55 	1.5 		2015-10-10 21:19:39
1499 	274 	2.5 		2015-08-25 10:45:52
1500 	276 	2.5 		2015-08-10 15:57:51
1501 	289 	3.5 		2015-09-04 19:13:34
1502 	453 	1.5 		2015-10-03 10:24:13
1503 	307 	1.5 		2015-09-02 05:13:05
1504 	307 	1.5 		2015-11-15 22:04:28
1505 	131 	2.5 		2015-09-08 07:06:40
1506 	190 	1.5 		2015-10-03 08:48:59
1507 	419 	0.5 		2015-11-14 03:25:54
1508 	266 	1.5 		2015-11-12 23:58:58
1509 	356 	4.5 		2015-11-08 08:20:30
1510 	366 	0.5 		2015-10-31 17:27:18
1511 	280 	0.5 		2015-11-20 17:43:38
1512 	359 	0.5 		2015-11-11 02:40:06
1513 	363 	3.5 		2015-10-27 23:21:51
1514 	87 	0.5 		2015-10-20 10:31:18
1515 	119 	0.5 		2015-10-12 15:24:16
1516 	477 	3.5 		2015-09-14 14:04:53
1517 	441 	2.5 		2015-10-04 23:45:45
1518 	473 	1.5 		2015-08-27 12:30:03
1519 	257 	4.5 	2015-08-07 12:09:39 	2015-08-07 10:26:56
1520 	331 	3.5 		2015-08-28 19:25:05
1521 	440 	1.5 	2015-08-10 15:39:44 	2015-08-10 15:15:01
1522 	184 	0.5 		2015-08-13 02:36:26
1523 	472 	1.5 		2015-10-03 20:38:58
1524 	128 	4.5 		2015-11-05 15:46:00
1525 	88 	0.5 		2015-10-18 05:30:36
1526 	435 	0.5 		2015-10-27 01:05:32
1527 	283 	4.5 		2015-11-20 19:45:40
1528 	110 	0.5 		2015-10-08 15:07:53
1529 	478 	2.5 	2015-09-10 06:29:18 	2015-09-10 02:07:03
1530 	170 	4.5 		2015-11-08 00:43:50
1531 	104 	1.5 		2015-09-15 20:12:55
1532 	157 	3.5 		2015-11-23 00:07:34
1533 	131 	1.5 		2015-10-17 08:00:38
1534 	301 	1.5 		2015-11-06 02:25:30
1535 	397 	1.5 		2015-09-21 19:16:08
1536 	398 	0.5 		2015-08-23 20:50:05
1537 	278 	0.5 		2015-08-27 01:54:44
1538 	326 	1.5 		2015-10-11 04:02:49
1539 	140 	4.5 		2015-11-13 08:37:22
1540 	235 	2.5 		2015-11-21 17:25:34
1541 	135 	0.5 		2015-08-27 07:33:41
1542 	422 	4.5 		2015-09-15 19:47:48
1543 	23 	1.5 		2015-09-23 13:42:14
1544 	178 	2.5 		2015-08-21 14:39:05
1545 	203 	0.5 		2015-10-10 12:03:36
1546 	490 	1.5 		2015-11-10 22:03:44
1547 	115 	0.5 		2015-09-25 01:12:35
1548 	123 	1.5 		2015-10-13 16:20:11
1549 	147 	2.5 		2015-09-25 00:36:59
1550 	176 	4.5 		2015-09-14 12:22:13
1551 	443 	4.5 		2015-09-25 00:37:54
1552 	178 	2.5 		2015-11-25 08:23:52
1553 	108 	2.5 		2015-09-08 01:22:40
1554 	324 	2.5 		2015-10-22 21:56:56
1555 	36 	4.5 		2015-11-17 12:56:13
1556 	281 	3.5 		2015-08-07 00:27:33
1557 	430 	2.5 		2015-11-12 06:16:15
1558 	467 	0.5 		2015-10-14 05:51:15
1559 	48 	2.5 		2015-08-07 01:12:01
1560 	131 	3.5 		2015-09-03 16:43:30
1561 	224 	1.5 		2015-10-26 16:57:33
1562 	441 	0.5 		2015-10-08 02:25:59
1563 	391 	0.5 		2015-08-21 15:12:51
1564 	195 	3.5 		2015-08-06 09:38:44
1565 	272 	1.5 		2015-10-22 00:24:12
1566 	487 	0.5 		2015-08-10 17:49:44
1567 	37 	2.5 		2015-08-21 21:21:06
1568 	470 	2.5 		2015-11-06 21:15:20
1569 	230 	0.5 		2015-08-20 16:58:13
1570 	100 	2.5 		2015-08-04 14:20:17
1571 	3 	3.5 	2015-09-23 23:06:08 	2015-09-23 21:21:22
1572 	393 	2.5 		2015-09-07 06:39:35
1573 	466 	0.5 		2015-08-12 07:01:06
1574 	143 	2.5 		2015-08-23 21:54:15
1575 	463 	3.5 		2015-11-26 20:12:51
1576 	382 	1.5 		2015-08-22 23:24:24
1577 	177 	0.5 		2015-11-03 22:10:12
1578 	40 	3.5 		2015-09-18 21:07:49
1579 	15 	0.5 		2015-09-09 13:31:35
1580 	485 	2.5 		2015-10-19 15:44:57
1581 	373 	3.5 		2015-10-21 03:50:46
1582 	320 	0.5 		2015-10-07 07:04:03
1583 	370 	2.5 	2015-08-29 06:26:11 	2015-08-29 02:06:24
1584 	443 	3.5 		2015-11-27 10:35:36
1585 	153 	2.5 		2015-11-21 18:31:55
1586 	238 	4.5 		2015-08-08 06:14:01
1587 	298 	1.5 	2015-08-30 02:58:30 	2015-08-30 02:16:46
1588 	222 	0.5 		2015-10-01 00:52:24
1589 	207 	2.5 		2015-11-18 09:06:35
1590 	117 	3.5 	2015-10-29 23:20:29 	2015-10-29 18:36:01
1591 	10 	0.5 		2015-08-17 09:27:56
1592 	99 	0.5 		2015-10-21 11:44:10
1593 	338 	3.5 		2015-08-29 16:08:17
1594 	327 	3.5 		2015-09-18 04:55:42
1595 	24 	3.5 		2015-11-24 05:21:37
1596 	353 	1.5 		2015-08-30 00:21:54
1597 	484 	4.5 		2015-11-18 19:45:31
1598 	472 	2.5 		2015-11-02 05:54:47
1599 	359 	2.5 		2015-11-11 12:32:08
1600 	307 	1.5 		2015-09-06 05:20:33
1601 	462 	3.5 		2015-11-01 13:09:24
1602 	29 	4.5 		2015-10-19 23:59:01
1603 	41 	1.5 		2015-11-04 00:32:12
1604 	299 	3.5 		2015-11-08 03:33:51
1605 	423 	4.5 		2015-09-02 01:02:49
1606 	33 	1.5 		2015-08-12 12:10:03
1607 	132 	3.5 		2015-10-27 07:19:03
1608 	103 	0.5 		2015-08-29 01:09:26
1609 	215 	3.5 		2015-09-25 18:41:04
1610 	398 	1.5 		2015-08-17 03:12:39
1611 	473 	3.5 		2015-09-08 13:55:08
1612 	255 	2.5 		2015-09-08 02:24:38
1613 	225 	0.5 		2015-08-09 03:49:49
1614 	245 	2.5 		2015-09-26 21:11:02
1615 	480 	0.5 		2015-09-29 03:13:58
1616 	128 	0.5 		2015-10-06 22:35:42
1617 	31 	0.5 		2015-08-25 02:41:22
1618 	44 	2.5 		2015-09-07 00:18:22
1619 	27 	3.5 		2015-09-06 21:27:29
1620 	181 	4.5 		2015-09-24 04:59:38
1621 	380 	0.5 		2015-09-14 20:47:15
1622 	382 	1.5 		2015-09-09 02:16:14
1623 	270 	1.5 		2015-09-19 12:12:31
1624 	156 	4.5 		2015-08-30 03:48:06
1625 	19 	0.5 		2015-10-03 01:36:06
1626 	291 	1.5 		2015-10-14 06:42:11
1627 	40 	3.5 		2015-11-19 02:24:05
1628 	303 	1.5 		2015-09-07 02:27:57
1629 	192 	0.5 		2015-08-04 14:22:10
1630 	45 	3.5 		2015-10-18 06:12:00
1631 	84 	2.5 		2015-08-19 13:16:55
1632 	447 	4.5 		2015-11-02 12:19:20
1633 	281 	0.5 		2015-08-06 14:55:24
1634 	153 	4.5 		2015-08-28 20:34:27
1635 	185 	3.5 		2015-10-18 10:28:08
1636 	56 	3.5 		2015-11-21 07:12:59
1637 	88 	1.5 		2015-11-15 08:50:22
1638 	347 	2.5 		2015-10-06 21:21:27
1639 	391 	3.5 		2015-11-14 16:25:40
1640 	202 	0.5 		2015-09-15 03:41:30
1641 	180 	3.5 		2015-09-24 20:08:27
1642 	293 	2.5 		2015-08-25 12:56:48
1643 	15 	2.5 		2015-08-11 23:17:23
1644 	253 	3.5 		2015-11-19 19:44:29
1645 	423 	4.5 		2015-09-03 03:18:46
1646 	235 	4.5 		2015-11-07 09:46:06
1647 	192 	2.5 		2015-10-29 20:04:46
1648 	374 	1.5 		2015-09-06 20:08:26
1649 	108 	0.5 		2015-11-08 03:23:01
1650 	304 	3.5 		2015-11-23 23:42:01
1651 	145 	3.5 		2015-09-15 22:30:05
1652 	395 	2.5 		2015-09-17 15:04:16
1653 	91 	2.5 		2015-08-11 13:46:46
1654 	249 	3.5 		2015-09-24 13:33:42
1655 	423 	1.5 		2015-09-11 07:24:00
1656 	225 	4.5 	2015-11-18 05:20:17 	2015-11-18 01:36:18
1657 	103 	3.5 		2015-09-15 21:59:08
1658 	441 	4.5 		2015-10-10 12:46:32
1659 	453 	2.5 		2015-10-20 06:36:34
1660 	85 	4.5 		2015-09-25 16:00:06
1661 	72 	4.5 		2015-10-20 04:24:44
1662 	190 	3.5 		2015-08-28 09:05:08
1663 	148 	3.5 		2015-08-04 17:12:11
1664 	303 	1.5 		2015-11-19 07:21:40
1665 	381 	3.5 		2015-08-04 17:51:39
1666 	49 	4.5 		2015-09-13 15:57:56
1667 	468 	0.5 		2015-09-21 14:10:50
1668 	1 	0.5 		2015-11-01 15:02:16
1669 	340 	3.5 		2015-09-10 23:46:57
1670 	269 	2.5 		2015-10-31 09:15:34
1671 	78 	4.5 		2015-10-01 12:56:40
1672 	118 	4.5 		2015-11-07 16:25:44
1673 	366 	1.5 		2015-11-27 19:20:15
1674 	66 	2.5 		2015-11-24 20:39:27
1675 	364 	0.5 		2015-09-04 15:22:53
1676 	83 	0.5 		2015-08-25 01:03:51
1677 	54 	4.5 		2015-10-01 06:11:16
1678 	60 	2.5 		2015-10-27 08:39:17
1679 	327 	1.5 		2015-08-06 08:48:16
1680 	447 	0.5 		2015-10-24 11:15:24
1681 	170 	1.5 		2015-11-03 22:02:22
1682 	445 	3.5 		2015-10-16 15:43:29
1683 	165 	3.5 		2015-08-19 14:03:10
1684 	89 	4.5 		2015-10-25 15:59:10
1685 	132 	3.5 		2015-11-02 07:57:14
1686 	130 	4.5 		2015-10-10 13:30:58
1687 	179 	4.5 		2015-11-22 09:30:55
1688 	435 	4.5 		2015-10-07 21:29:20
1689 	370 	0.5 		2015-09-05 06:41:12
1690 	115 	4.5 		2015-10-27 09:23:05
1691 	478 	0.5 		2015-10-21 14:08:53
1692 	171 	3.5 		2015-10-06 08:17:47
1693 	405 	1.5 		2015-10-31 17:35:28
1694 	24 	2.5 		2015-10-05 11:29:12
1695 	8 	1.5 		2015-10-12 22:13:40
1696 	64 	3.5 		2015-10-07 22:36:25
1697 	339 	4.5 		2015-11-14 08:36:36
1698 	335 	4.5 		2015-08-31 09:29:23
1699 	352 	1.5 		2015-11-13 00:51:23
1700 	299 	4.5 		2015-08-06 12:47:50
1701 	160 	1.5 		2015-09-21 00:27:57
1702 	155 	3.5 		2015-11-16 17:35:09
1703 	399 	0.5 		2015-08-29 21:13:06
1704 	213 	3.5 		2015-08-15 00:54:54
1705 	154 	2.5 		2015-09-07 18:29:12
1706 	492 	3.5 		2015-11-05 14:20:52
1707 	127 	2.5 		2015-08-07 12:23:34
1708 	8 	0.5 		2015-09-24 05:55:23
1709 	198 	0.5 		2015-10-25 00:32:47
1710 	202 	1.5 		2015-10-14 01:31:59
1711 	143 	4.5 		2015-08-11 12:26:45
1712 	449 	0.5 		2015-09-01 03:28:21
1713 	292 	4.5 		2015-09-21 22:30:17
1714 	316 	3.5 		2015-11-25 18:34:41
1715 	235 	1.5 		2015-10-31 15:38:22
1716 	286 	1.5 		2015-11-08 04:03:53
1717 	347 	1.5 		2015-10-25 19:31:09
1718 	435 	4.5 		2015-10-14 12:49:58
1719 	364 	4.5 		2015-09-02 22:40:59
1720 	183 	2.5 		2015-08-25 11:51:48
1721 	35 	0.5 		2015-09-20 23:19:12
1722 	135 	3.5 		2015-08-21 03:41:40
1723 	290 	4.5 		2015-10-01 22:10:51
1724 	325 	0.5 	2015-11-23 18:16:43 	2015-11-23 15:19:31
1725 	324 	3.5 		2015-11-13 16:03:44
1726 	137 	1.5 		2015-10-03 00:39:33
1727 	245 	4.5 		2015-09-27 16:23:50
1728 	411 	4.5 		2015-08-23 03:45:26
1729 	68 	2.5 		2015-08-19 18:08:21
1730 	253 	3.5 		2015-11-01 18:15:34
1731 	259 	1.5 		2015-08-29 14:41:42
1732 	238 	0.5 		2015-08-29 23:10:18
1733 	441 	1.5 	2015-10-18 04:28:26 	2015-10-18 01:49:01
1734 	192 	0.5 		2015-10-21 06:46:50
1735 	431 	4.5 		2015-08-20 02:23:49
1736 	64 	4.5 		2015-08-17 04:36:36
1737 	143 	0.5 		2015-10-31 05:25:16
1738 	409 	1.5 		2015-09-23 03:34:28
1739 	331 	0.5 		2015-11-04 08:29:01
1740 	94 	2.5 	2015-09-02 13:07:32 	2015-09-02 08:42:11
1741 	58 	2.5 		2015-08-27 13:43:40
1742 	114 	0.5 		2015-09-22 04:16:08
1743 	96 	1.5 		2015-09-20 07:14:38
1744 	257 	1.5 	2015-11-02 17:30:15 	2015-11-02 17:10:53
1745 	437 	1.5 		2015-11-25 06:38:13
1746 	215 	4.5 		2015-11-08 15:01:38
1747 	89 	2.5 	2015-11-12 07:00:10 	2015-11-12 02:53:16
1748 	203 	3.5 		2015-10-03 21:27:08
1749 	352 	0.5 		2015-11-16 14:05:30
1750 	186 	3.5 		2015-10-19 09:26:01
1751 	478 	4.5 		2015-11-19 12:19:09
1752 	39 	0.5 		2015-11-07 15:54:27
1753 	2 	4.5 		2015-08-12 16:11:47
1754 	445 	2.5 	2015-11-25 11:24:18 	2015-11-25 07:11:53
1755 	239 	0.5 		2015-10-22 16:11:45
1756 	196 	3.5 		2015-11-21 09:07:08
1757 	143 	1.5 		2015-09-15 20:50:54
1758 	446 	2.5 		2015-09-08 22:57:06
1759 	369 	4.5 		2015-09-16 04:01:51
1760 	341 	2.5 		2015-08-10 07:42:05
1761 	50 	4.5 		2015-11-01 03:23:17
1762 	318 	3.5 		2015-10-29 05:19:18
1763 	407 	1.5 	2015-09-25 23:55:36 	2015-09-25 19:37:00
1764 	426 	3.5 		2015-09-21 15:33:02
1765 	493 	4.5 		2015-09-04 16:03:57
1766 	57 	3.5 		2015-09-17 02:31:07
1767 	287 	0.5 		2015-08-30 12:40:17
1768 	163 	0.5 		2015-09-20 08:44:43
1769 	108 	2.5 		2015-09-05 23:57:55
1770 	359 	0.5 		2015-09-27 08:13:02
1771 	417 	2.5 		2015-08-29 01:02:12
1772 	284 	3.5 	2015-10-23 03:22:27 	2015-10-22 23:36:30
1773 	118 	1.5 		2015-08-21 18:40:37
1774 	102 	0.5 		2015-08-06 18:05:23
1775 	185 	2.5 		2015-08-08 17:18:17
1776 	140 	4.5 		2015-08-19 05:40:35
1777 	187 	4.5 		2015-10-21 20:13:36
1778 	212 	1.5 		2015-10-07 19:04:28
1779 	443 	0.5 		2015-10-27 22:13:40
1780 	376 	0.5 		2015-10-25 17:15:59
1781 	370 	1.5 		2015-08-04 20:42:55
1782 	72 	3.5 		2015-09-07 18:52:28
1783 	210 	0.5 		2015-09-30 08:31:34
1784 	226 	3.5 		2015-11-20 22:39:27
1785 	373 	4.5 		2015-11-04 08:15:48
1786 	145 	4.5 		2015-08-31 18:24:42
1787 	255 	0.5 		2015-09-22 10:04:36
1788 	178 	1.5 		2015-09-09 13:50:15
1789 	476 	2.5 		2015-10-31 03:33:36
1790 	115 	2.5 		2015-11-16 22:08:53
1791 	123 	1.5 		2015-09-03 23:52:37
1792 	167 	4.5 		2015-11-02 04:38:05
1793 	349 	1.5 		2015-08-09 15:57:38
1794 	119 	0.5 		2015-11-05 03:48:12
1795 	458 	0.5 		2015-10-10 00:58:48
1796 	250 	4.5 		2015-10-05 01:39:25
1797 	446 	0.5 		2015-08-15 19:22:37
1798 	486 	1.5 		2015-10-12 10:29:45
1799 	408 	4.5 		2015-11-15 20:28:48
1800 	468 	1.5 		2015-09-01 15:03:43
1801 	266 	0.5 		2015-09-18 23:29:57
1802 	139 	4.5 		2015-08-30 17:02:41
1803 	208 	4.5 		2015-09-12 15:38:49
1804 	476 	1.5 		2015-10-05 23:22:50
1805 	409 	3.5 	2015-08-29 12:04:23 	2015-08-29 10:17:59
1806 	455 	3.5 		2015-11-21 03:17:44
1807 	132 	2.5 		2015-10-22 04:16:07
1808 	291 	0.5 		2015-10-18 18:21:00
1809 	392 	4.5 	2015-11-04 13:49:35 	2015-11-04 09:03:24
1810 	434 	4.5 		2015-09-25 19:19:36
1811 	356 	4.5 		2015-11-27 13:03:20
1812 	144 	0.5 		2015-11-06 14:07:25
1813 	372 	2.5 		2015-10-30 18:41:30
1814 	28 	0.5 		2015-11-22 03:47:05
1815 	176 	1.5 		2015-08-13 19:40:58
1816 	293 	3.5 		2015-11-14 10:50:01
1817 	92 	2.5 		2015-10-21 11:01:44
1818 	178 	2.5 		2015-09-15 08:55:36
1819 	126 	4.5 		2015-11-08 11:15:15
1820 	232 	3.5 		2015-08-30 06:56:22
1821 	484 	2.5 		2015-08-26 15:04:45
1822 	289 	4.5 	2015-10-15 08:04:46 	2015-10-15 04:31:50
1823 	52 	2.5 		2015-08-11 12:41:54
1824 	182 	0.5 		2015-09-21 10:29:31
1825 	171 	0.5 		2015-10-31 13:57:40
1826 	24 	4.5 	2015-11-20 23:05:19 	2015-11-20 19:20:19
1827 	275 	1.5 		2015-08-23 00:26:41
1828 	363 	2.5 		2015-09-04 19:19:12
1829 	393 	4.5 		2015-11-24 17:10:47
1830 	302 	2.5 		2015-11-09 05:24:07
1831 	98 	0.5 		2015-11-19 17:03:16
1832 	217 	1.5 		2015-08-18 20:35:36
1833 	161 	2.5 		2015-08-05 15:59:46
1834 	206 	0.5 		2015-08-07 00:59:40
1835 	128 	3.5 		2015-08-13 05:50:57
1836 	382 	0.5 		2015-11-22 16:39:56
1837 	309 	1.5 		2015-11-06 10:10:02
1838 	212 	4.5 		2015-10-03 21:54:58
1839 	210 	1.5 		2015-09-06 16:37:32
1840 	210 	4.5 		2015-08-31 08:03:51
1841 	448 	2.5 		2015-10-25 14:08:13
1842 	210 	3.5 		2015-09-14 18:03:40
1843 	185 	2.5 		2015-09-05 00:58:28
1844 	55 	1.5 	2015-10-02 01:44:47 	2015-10-02 00:46:58
1845 	67 	0.5 		2015-10-19 15:24:54
1846 	231 	1.5 	2015-08-31 19:03:39 	2015-08-31 14:20:57
1847 	80 	3.5 		2015-10-09 12:35:39
1848 	187 	0.5 		2015-08-22 22:01:11
1849 	121 	0.5 		2015-10-03 19:28:46
1850 	160 	3.5 		2015-10-23 19:06:35
1851 	295 	4.5 		2015-09-07 11:31:03
1852 	161 	0.5 		2015-10-07 06:06:06
1853 	12 	4.5 		2015-08-23 07:03:56
1854 	158 	3.5 		2015-10-27 23:54:44
1855 	65 	3.5 		2015-09-12 17:58:48
1856 	402 	2.5 		2015-11-22 09:47:16
1857 	27 	0.5 		2015-08-22 23:22:14
1858 	1 	1.5 		2015-09-29 00:09:51
1859 	104 	1.5 		2015-10-04 11:00:10
1860 	373 	3.5 		2015-08-28 03:06:41
1861 	21 	2.5 	2015-11-09 22:36:37 	2015-11-09 22:12:46
1862 	157 	2.5 		2015-09-05 00:31:34
1863 	92 	4.5 	2015-10-30 13:38:39 	2015-10-30 13:22:36
1864 	468 	4.5 		2015-11-21 18:06:53
1865 	424 	3.5 		2015-10-14 21:16:24
1866 	208 	2.5 		2015-11-26 01:59:32
1867 	124 	2.5 		2015-09-13 23:37:12
1868 	310 	0.5 		2015-09-11 11:07:27
1869 	357 	0.5 		2015-10-31 21:06:37
1870 	254 	4.5 		2015-10-11 05:57:06
1871 	196 	2.5 		2015-09-09 20:39:23
1872 	202 	3.5 		2015-09-20 15:25:41
1873 	498 	4.5 		2015-08-04 08:16:47
1874 	134 	2.5 	2015-08-22 01:29:32 	2015-08-21 23:19:38
1875 	159 	2.5 		2015-08-12 06:12:11
1876 	101 	2.5 		2015-08-19 22:02:11
1877 	61 	4.5 		2015-11-27 00:01:21
1878 	38 	0.5 		2015-09-17 04:20:20
1879 	116 	2.5 		2015-10-23 03:30:28
1880 	478 	0.5 		2015-09-15 07:32:53
1881 	289 	2.5 		2015-11-13 21:17:54
1882 	491 	4.5 		2015-11-19 06:11:34
1883 	323 	2.5 		2015-10-22 08:06:53
1884 	240 	2.5 		2015-11-06 21:37:43
1885 	275 	3.5 		2015-10-02 12:45:08
1886 	498 	1.5 		2015-09-30 23:00:56
1887 	264 	2.5 		2015-10-10 22:56:26
1888 	68 	1.5 		2015-11-22 07:37:38
1889 	377 	0.5 		2015-11-14 19:12:22
1890 	145 	1.5 		2015-09-24 10:23:54
1891 	165 	1.5 		2015-10-15 17:41:00
1892 	269 	2.5 		2015-10-23 10:13:53
1893 	282 	4.5 		2015-10-04 06:15:12
1894 	86 	1.5 		2015-09-03 14:20:39
1895 	474 	1.5 		2015-08-11 20:26:04
1896 	481 	1.5 		2015-11-02 09:52:48
1897 	112 	1.5 		2015-09-17 14:35:20
1898 	57 	1.5 		2015-11-11 05:58:50
1899 	140 	0.5 		2015-10-26 11:06:55
1900 	319 	0.5 		2015-08-06 11:41:51
1901 	390 	1.5 		2015-09-17 12:11:54
1902 	140 	2.5 		2015-09-18 13:52:49
1903 	178 	0.5 		2015-10-13 02:19:03
1904 	476 	0.5 		2015-11-01 05:21:59
1905 	345 	2.5 		2015-10-24 00:00:52
1906 	271 	4.5 		2015-08-14 03:45:05
1907 	456 	2.5 		2015-11-16 02:10:45
1908 	131 	0.5 	2015-09-20 17:08:46 	2015-09-20 16:04:18
1909 	413 	1.5 		2015-08-14 16:38:18
1910 	25 	1.5 		2015-11-06 00:42:06
1911 	121 	4.5 		2015-09-03 09:21:43
1912 	379 	3.5 		2015-10-31 20:08:51
1913 	237 	2.5 		2015-11-27 17:30:58
1914 	382 	4.5 		2015-11-21 07:41:00
1915 	344 	2.5 	2015-09-17 19:45:00 	2015-09-17 18:04:36
1916 	97 	1.5 		2015-09-08 07:54:05
1917 	277 	3.5 		2015-08-16 06:06:20
1918 	305 	4.5 		2015-09-13 15:04:35
1919 	297 	0.5 	2015-10-23 22:14:02 	2015-10-23 20:53:20
1920 	352 	1.5 		2015-11-16 11:15:08
1921 	135 	2.5 		2015-08-24 20:10:56
1922 	76 	4.5 		2015-11-16 11:39:22
1923 	69 	0.5 		2015-08-12 13:34:50
1924 	313 	0.5 	2015-08-31 10:48:45 	2015-08-31 07:43:11
1925 	21 	4.5 		2015-11-25 19:15:50
1926 	115 	2.5 		2015-08-05 18:59:01
1927 	101 	3.5 		2015-10-25 10:39:10
1928 	462 	4.5 		2015-08-22 22:15:45
1929 	58 	2.5 		2015-11-02 04:32:00
1930 	375 	4.5 		2015-11-04 02:08:22
1931 	12 	1.5 		2015-11-02 11:45:19
1932 	3 	0.5 		2015-08-16 17:29:48
1933 	463 	2.5 		2015-10-15 09:04:34
1934 	339 	1.5 		2015-08-17 04:37:43
1935 	260 	3.5 		2015-08-12 09:28:43
1936 	192 	1.5 		2015-11-22 07:48:47
1937 	80 	2.5 		2015-11-03 02:13:12
1938 	398 	4.5 		2015-08-29 09:36:20
1939 	158 	1.5 		2015-10-03 05:16:52
1940 	121 	4.5 		2015-09-04 08:06:53
1941 	236 	0.5 		2015-09-18 08:33:12
1942 	232 	3.5 		2015-09-18 18:11:43
1943 	181 	0.5 		2015-09-26 15:56:14
1944 	204 	2.5 		2015-11-20 07:34:51
1945 	396 	0.5 		2015-08-12 10:44:33
1946 	111 	2.5 		2015-09-03 19:15:33
1947 	457 	2.5 		2015-10-17 23:15:02
1948 	110 	1.5 		2015-11-03 17:51:08
1949 	327 	0.5 	2015-11-08 04:56:21 	2015-11-08 03:56:20
1950 	403 	2.5 		2015-08-28 02:41:48
1951 	231 	3.5 		2015-11-22 06:41:33
1952 	378 	4.5 		2015-08-14 21:47:35
1953 	351 	0.5 		2015-08-06 05:26:30
1954 	294 	4.5 		2015-09-21 12:06:32
1955 	99 	3.5 		2015-11-16 05:10:22
1956 	75 	2.5 	2015-11-18 17:21:40 	2015-11-18 13:19:56
1957 	266 	3.5 		2015-09-17 02:23:09
1958 	210 	2.5 		2015-11-20 19:30:53
1959 	10 	3.5 		2015-08-20 02:34:36
1960 	334 	2.5 		2015-08-28 00:22:19
1961 	127 	4.5 		2015-10-11 04:49:15
1962 	414 	3.5 		2015-09-12 05:27:00
1963 	454 	0.5 		2015-10-17 01:43:53
1964 	257 	2.5 		2015-11-14 17:30:30
1965 	373 	3.5 		2015-10-03 14:02:34
1966 	135 	4.5 		2015-11-02 19:19:17
1967 	376 	2.5 		2015-09-21 07:55:14
1968 	68 	3.5 		2015-08-28 10:06:38
1969 	176 	2.5 		2015-08-27 03:46:20
1970 	284 	3.5 		2015-10-20 22:05:51
1971 	39 	0.5 		2015-10-27 11:16:08
1972 	423 	2.5 		2015-08-30 22:50:09
1973 	281 	3.5 		2015-09-27 08:13:08
1974 	314 	2.5 		2015-10-11 00:24:54
1975 	467 	1.5 		2015-10-18 03:03:20
1976 	477 	2.5 		2015-09-24 21:12:23
1977 	22 	4.5 		2015-08-18 06:06:28
1978 	284 	3.5 		2015-11-26 16:21:07
1979 	90 	0.5 		2015-09-20 15:13:25
1980 	171 	0.5 		2015-08-21 23:25:40
1981 	406 	2.5 		2015-11-10 05:35:52
1982 	247 	2.5 		2015-11-25 04:09:36
1983 	161 	2.5 		2015-09-03 23:55:40
1984 	356 	2.5 		2015-09-11 13:45:03
1985 	310 	0.5 		2015-11-05 08:27:53
1986 	9 	0.5 		2015-11-07 20:37:15
1987 	240 	0.5 		2015-09-05 01:03:24
1988 	217 	3.5 		2015-08-19 05:01:06
1989 	198 	0.5 		2015-09-10 05:25:53
1990 	169 	4.5 		2015-09-03 12:25:27
1991 	188 	3.5 		2015-09-28 01:14:40
1992 	489 	4.5 		2015-10-20 12:46:13
1993 	18 	3.5 		2015-10-27 06:20:52
1994 	140 	4.5 		2015-08-08 09:19:21
1995 	327 	0.5 		2015-10-30 09:46:16
1996 	65 	2.5 		2015-08-12 00:34:18
1997 	24 	4.5 		2015-10-29 13:20:54
1998 	315 	3.5 		2015-10-31 07:39:24
1999 	94 	2.5 		2015-08-11 18:36:46

